-- phpMyAdmin SQL Dump
-- version 5.0.4
-- https://www.phpmyadmin.net/
--
-- Host: localhost
-- Generation Time: Jun 18, 2023 at 11:46 AM
-- Server version: 10.4.16-MariaDB
-- PHP Version: 7.4.12

SET SQL_MODE = "NO_AUTO_VALUE_ON_ZERO";
START TRANSACTION;
SET time_zone = "+00:00";


/*!40101 SET @OLD_CHARACTER_SET_CLIENT=@@CHARACTER_SET_CLIENT */;
/*!40101 SET @OLD_CHARACTER_SET_RESULTS=@@CHARACTER_SET_RESULTS */;
/*!40101 SET @OLD_COLLATION_CONNECTION=@@COLLATION_CONNECTION */;
/*!40101 SET NAMES utf8mb4 */;

--
-- Database: `d3ti_psdku`
--

-- --------------------------------------------------------

--
-- Table structure for table `auth_activation_attempts`
--

CREATE TABLE `auth_activation_attempts` (
  `id` int(10) UNSIGNED NOT NULL,
  `ip_address` varchar(255) NOT NULL,
  `user_agent` varchar(255) NOT NULL,
  `token` varchar(255) DEFAULT NULL,
  `created_at` datetime NOT NULL
) ENGINE=InnoDB DEFAULT CHARSET=utf8;

-- --------------------------------------------------------

--
-- Table structure for table `auth_groups`
--

CREATE TABLE `auth_groups` (
  `id` int(10) UNSIGNED NOT NULL,
  `name` varchar(255) NOT NULL,
  `description` varchar(255) NOT NULL
) ENGINE=InnoDB DEFAULT CHARSET=utf8;

--
-- Dumping data for table `auth_groups`
--

INSERT INTO `auth_groups` (`id`, `name`, `description`) VALUES
(1, 'admin', 'administrator'),
(2, 'mahasiswa', 'mahasiswa uns psdku'),
(3, 'mitra', 'mitra'),
(4, 'dosen', 'dosen'),
(5, 'pimpinan', 'petinggi di uns'),
(6, 'laboran', 'pengelola laboratorium uns psdku');

-- --------------------------------------------------------

--
-- Table structure for table `auth_groups_permissions`
--

CREATE TABLE `auth_groups_permissions` (
  `group_id` int(10) UNSIGNED NOT NULL DEFAULT 0,
  `permission_id` int(10) UNSIGNED NOT NULL DEFAULT 0
) ENGINE=InnoDB DEFAULT CHARSET=utf8;

--
-- Dumping data for table `auth_groups_permissions`
--

INSERT INTO `auth_groups_permissions` (`group_id`, `permission_id`) VALUES
(1, 1),
(1, 1),
(1, 2),
(1, 3),
(2, 2),
(3, 3),
(4, 4),
(5, 5),
(6, 6),
(6, 6);

-- --------------------------------------------------------

--
-- Table structure for table `auth_groups_users`
--

CREATE TABLE `auth_groups_users` (
  `group_id` int(10) UNSIGNED NOT NULL DEFAULT 0,
  `user_id` int(10) UNSIGNED NOT NULL DEFAULT 0
) ENGINE=InnoDB DEFAULT CHARSET=utf8;

--
-- Dumping data for table `auth_groups_users`
--

INSERT INTO `auth_groups_users` (`group_id`, `user_id`) VALUES
(1, 6),
(2, 7),
(2, 14),
(2, 18),
(2, 19),
(2, 22),
(2, 23),
(2, 28),
(2, 31),
(2, 33),
(2, 34),
(2, 35),
(2, 39),
(2, 40),
(2, 58),
(2, 59),
(2, 74),
(2, 92),
(2, 96),
(2, 97),
(2, 101),
(2, 109),
(2, 113),
(3, 75),
(3, 99),
(3, 100),
(3, 108),
(3, 110),
(4, 29),
(4, 41),
(4, 46),
(4, 47),
(4, 48),
(5, 3),
(5, 88),
(5, 89),
(5, 93),
(6, 44),
(6, 98);

-- --------------------------------------------------------

--
-- Table structure for table `auth_logins`
--

CREATE TABLE `auth_logins` (
  `id` int(10) UNSIGNED NOT NULL,
  `ip_address` varchar(255) DEFAULT NULL,
  `email` varchar(255) DEFAULT NULL,
  `user_id` int(10) UNSIGNED DEFAULT NULL,
  `date` datetime NOT NULL,
  `success` tinyint(1) NOT NULL
) ENGINE=InnoDB DEFAULT CHARSET=utf8;

--
-- Dumping data for table `auth_logins`
--

INSERT INTO `auth_logins` (`id`, `ip_address`, `email`, `user_id`, `date`, `success`) VALUES
(1, '::1', 'hanif', NULL, '2023-03-05 14:54:27', 0),
(2, '::1', 'hanif', NULL, '2023-03-05 14:54:39', 0),
(3, '::1', 'hanif', NULL, '2023-03-05 14:54:48', 0),
(4, '::1', 'hanif', NULL, '2023-03-05 14:54:58', 0),
(5, '::1', 'hanif', NULL, '2023-03-05 14:55:04', 0),
(6, '::1', 'hanif', NULL, '2023-03-05 14:55:10', 0),
(7, '::1', 'hanif', NULL, '2023-03-05 14:55:37', 0),
(8, '::1', 'hanifarafi7@gmail.com', NULL, '2023-03-05 14:57:45', 0),
(9, '::1', 'hanifarafi7@gmail.com', NULL, '2023-03-05 14:57:51', 0),
(10, '::1', 'hanifarafi7@gmail.com', NULL, '2023-03-05 14:57:55', 0),
(11, '::1', 'hanifarafi7@gmail.com', NULL, '2023-03-05 14:57:58', 0),
(12, '::1', 'hanifarafi7@gmail.com', NULL, '2023-03-05 14:58:02', 0),
(13, '::1', 'hanifarafi7@gmail.com', NULL, '2023-03-05 14:58:08', 0),
(14, '::1', 'hanifarafi7@gmail.com', NULL, '2023-03-05 14:59:00', 0),
(15, '::1', 'hanifarafi7@gmail.com', 2, '2023-03-05 15:01:06', 0),
(16, '::1', 'hanifarafi7@gmail.com', 2, '2023-03-05 15:01:26', 1),
(17, '103.189.201.9', '23r23r', NULL, '2023-03-05 16:25:53', 0),
(18, '103.189.201.9', 'hanifarafi7@gmail.com', NULL, '2023-03-05 16:26:04', 0),
(19, '103.189.201.9', 'hanif', NULL, '2023-03-05 16:26:08', 0),
(20, '103.189.201.9', 'hanif', NULL, '2023-03-05 16:26:17', 0),
(21, '103.189.201.9', 'hanifarafi7@gmail.com', 1, '2023-03-05 16:26:29', 1),
(22, '103.160.184.12', 'hanifaja', NULL, '2023-03-05 16:27:40', 0),
(23, '103.189.201.9', 'hanifarafi7@gmail.com', 1, '2023-03-05 16:27:50', 1),
(24, '103.160.184.12', 'hanifarafi7@gmail.com', 1, '2023-03-05 16:28:00', 1),
(25, '103.189.201.9', 'hanif', NULL, '2023-03-06 01:50:25', 0),
(26, '103.189.201.9', 'hanifarafi7@gmail.com', 1, '2023-03-06 01:50:36', 1),
(27, '103.189.201.9', 'hanifarafi7@gmail.com', 1, '2023-03-06 04:14:36', 1),
(28, '125.164.234.212', 'hanifaja', NULL, '2023-03-06 05:57:47', 0),
(29, '125.164.234.212', 'hanifarafi7@gmail.com', 1, '2023-03-06 06:00:57', 1),
(30, '103.189.201.9', 'hanifarafi7@gmail.com', 1, '2023-03-06 07:15:51', 1),
(31, '103.160.184.11', 'hanifarafi7@gmail.com', 1, '2023-03-06 10:01:13', 1),
(32, '103.160.184.11', 'hanifaja', NULL, '2023-03-06 10:01:34', 0),
(33, '103.160.184.11', 'hanifaja', NULL, '2023-03-06 10:01:47', 0),
(34, '103.189.201.9', 'hanifarafi7@gmail.com', 1, '2023-03-06 10:11:29', 1),
(35, '125.164.234.212', 'hanifarafi7@gmail.com', 1, '2023-03-06 12:22:05', 1),
(36, '125.166.9.34', 'hanifarafi7@gmail.com', 1, '2023-03-06 12:25:28', 1),
(37, '125.166.9.34', 'hanifarafi7@gmail.com', NULL, '2023-03-06 13:08:47', 0),
(38, '103.189.201.9', 'hanifarafi7@gmail.com', 1, '2023-03-07 02:44:35', 1),
(39, '125.164.232.38', 'hanifaja', NULL, '2023-03-07 06:01:37', 0),
(40, '125.164.232.38', 'hanifaja', NULL, '2023-03-07 06:01:54', 0),
(41, '125.164.232.38', 'hanifaja', NULL, '2023-03-07 06:02:11', 0),
(42, '125.164.232.38', 'hanifarafi7@gmail.com', 1, '2023-03-07 06:02:32', 1),
(43, '125.164.232.38', 'hanifarafi7@gmail.com', 1, '2023-03-07 06:02:59', 1),
(44, '125.164.232.38', 'hanifarafi7@gmail.com', 1, '2023-03-07 06:31:23', 1),
(45, '125.164.232.38', 'hanifarafi7@gmail.com', 1, '2023-03-07 06:31:40', 1),
(46, '125.164.232.38', 'hanifarafi7@gmail.com', 1, '2023-03-07 06:32:39', 1),
(47, '125.164.232.38', 'hanifarafi7@gmail.com', 1, '2023-03-07 06:42:35', 1),
(48, '203.78.118.70', 'hanifarafi7@gmail.com', 1, '2023-03-07 07:12:48', 1),
(49, '103.189.201.9', 'hanifarafi7@gmail.com', 1, '2023-03-07 07:40:36', 1),
(50, '103.189.201.9', 'hanifarafi7@gmail.com', NULL, '2023-03-07 07:44:32', 0),
(51, '203.78.118.70', 'hanifarafi7@gmail.com', 1, '2023-03-07 07:45:24', 1),
(52, '114.4.220.254', 'hanifarafi7@gmail.com', 1, '2023-03-07 07:46:17', 1),
(53, '114.4.220.254', 'hanifarafi7@gmail.com', 1, '2023-03-07 07:48:36', 1),
(54, '203.78.118.70', 'hanifarafi7@gmail.com', 1, '2023-03-07 07:50:55', 1),
(55, '203.78.118.70', 'hanifarafi7@gmail.com', 1, '2023-03-07 07:55:42', 1),
(56, '103.189.201.9', 'hanifarafi7@gmail.com', 1, '2023-03-07 08:01:43', 1),
(57, '103.189.201.9', 'hanifarafi7@gmail.com', 1, '2023-03-07 08:07:12', 1),
(58, '103.189.201.9', 'hanifarafi7@gmail.com', 1, '2023-03-07 10:25:57', 1),
(59, '103.189.201.9', 'hanifarafi7@gmail.com', 1, '2023-03-07 10:26:31', 1),
(60, '103.189.201.9', 'hanifarafi7@gmail.com', 1, '2023-03-07 11:08:44', 1),
(61, '103.189.201.9', 'hanifarafi7@gmail.com', 1, '2023-03-07 11:09:55', 1),
(62, '103.189.201.9', 'hanifarafi7@gmail.com', NULL, '2023-03-07 11:12:17', 0),
(63, '103.189.201.9', 'hanifarafi7@gmail.com', 1, '2023-03-07 11:12:22', 1),
(64, '103.189.201.9', 'hanifarafi7@gmail.com', NULL, '2023-03-07 11:14:09', 0),
(65, '103.189.201.9', 'hanifarafi7@gmail.com', 1, '2023-03-07 11:14:15', 1),
(66, '103.189.201.9', 'hanifarafi7@gmail.com', 1, '2023-03-07 11:14:27', 1),
(67, '103.189.201.9', 'hanifarafi7@gmail.com', 1, '2023-03-07 11:17:57', 1),
(68, '103.189.201.9', 'hanifarafi7@gmail.com', 1, '2023-03-07 12:51:36', 1),
(69, '103.189.201.9', 'hanifarafi7@gmail.com', 1, '2023-03-07 13:04:09', 1),
(70, '103.189.201.9', 'hanifarafi7@gmail.com', 1, '2023-03-07 13:26:38', 1),
(71, '103.189.201.9', 'hanifarafi7@gmail.com', 1, '2023-03-07 13:26:42', 1),
(72, '182.253.217.171', 'hanifarafi7@gmail.com', 1, '2023-03-07 13:40:37', 1),
(73, '103.189.201.9', 'hanifarafi7@gmail.com', NULL, '2023-03-07 23:45:09', 0),
(74, '103.189.201.9', 'hanifarafi7@gmail.com', NULL, '2023-03-07 23:47:02', 0),
(75, '103.189.201.9', 'hanifarafi7@gmail.com', 1, '2023-03-07 23:47:11', 1),
(76, '103.189.201.9', 'hanifarafi7@gmail.com', NULL, '2023-03-08 02:15:45', 0),
(77, '103.189.201.9', 'hanifarafi7@gmail.com', NULL, '2023-03-08 02:15:53', 0),
(78, '103.189.201.9', 'hanifarafi7@gmail.com', 1, '2023-03-08 02:16:05', 1),
(79, '103.189.201.9', 'hanifarafi7@gmail.com', 1, '2023-03-08 02:29:58', 1),
(80, '103.189.201.9', 'hanifarafi7@gmail.com', NULL, '2023-03-08 04:28:46', 0),
(81, '103.189.201.9', 'hanifarafi7@gmail.com', 3, '2023-03-08 04:41:37', 1),
(82, '103.189.201.9', 'hanifarafi7@gmail.com', NULL, '2023-03-08 04:41:46', 0),
(83, '103.189.201.9', 'hanifarafi7@gmail.com', 3, '2023-03-08 04:41:53', 1),
(84, '125.164.233.193', 'nazaruddinnurcharis@student.uns.ac.id', NULL, '2023-03-08 06:22:05', 0),
(85, '182.253.217.171', 'hanifarafi7@gmail.com', 3, '2023-03-08 07:40:39', 1),
(86, '103.189.201.9', 'hanifarafi7@gmail.com', 3, '2023-03-08 08:17:12', 1),
(87, '103.189.201.9', 'hanifarafi7@gmail.com', 3, '2023-03-08 08:18:16', 1),
(88, '118.99.83.90', 'hanifarafi7@gmail.com', 3, '2023-03-08 09:05:06', 1),
(89, '118.99.83.90', 'hanifarafi7@gmail.com', 3, '2023-03-08 09:07:57', 1),
(90, '103.189.201.9', 'hanifarafi7@gmail.com', 3, '2023-03-08 11:56:13', 1),
(91, '182.253.217.171', 'hanifarafi7@gmail.com', 3, '2023-03-08 14:07:11', 1),
(92, '182.253.217.171', 'hanifarafi7@gmail.com', 3, '2023-03-08 14:41:16', 1),
(93, '103.189.201.9', 'hanifarafi7@gmail.com', 3, '2023-03-08 23:13:50', 1),
(94, '103.189.201.9', 'hanifarafi7@gmail.com', 3, '2023-03-08 23:37:24', 1),
(95, '103.189.201.9', 'hanifarafi7@gmail.com', 3, '2023-03-08 23:37:37', 1),
(96, '103.189.201.9', 'hanifarafi7@gmail.com', 3, '2023-03-08 23:37:51', 1),
(97, '103.189.201.9', 'hanifarafi7@gmail.com', NULL, '2023-03-08 23:39:15', 0),
(98, '103.189.201.9', 'hanifarafi7@gmail.com', 3, '2023-03-08 23:39:23', 1),
(99, '103.189.201.9', 'hanifarafi7@gmail.com', 3, '2023-03-08 23:41:37', 1),
(100, '103.189.201.9', 'hanifarafi7@gmail.com', 3, '2023-03-08 23:42:38', 1),
(101, '103.189.201.9', 'hanifarafi7@gmail.com', 3, '2023-03-08 23:46:39', 1),
(102, '103.189.201.9', 'hanifarafi7@gmail.com', 3, '2023-03-09 00:01:48', 1),
(103, '103.189.201.9', 'hanifarafi7@gmail.com', NULL, '2023-03-09 00:21:13', 0),
(104, '103.189.201.9', 'hanifarafi7@gmail.com', 3, '2023-03-09 00:21:21', 1),
(105, '103.189.201.9', 'hanifarafi7@gmail.com', 3, '2023-03-09 00:34:05', 1),
(106, '103.189.201.9', 'hanifarafi7@gmail.com', 3, '2023-03-09 00:51:57', 1),
(107, '103.189.201.9', 'hanifarafi7@gmail.com', 3, '2023-03-09 01:03:54', 1),
(108, '103.189.201.9', 'hanifarafi7@gmail.com', 3, '2023-03-09 01:12:03', 1),
(109, '103.189.201.9', 'hanifarafi7@gmail.com', NULL, '2023-03-09 01:14:34', 0),
(110, '103.189.201.9', 'hanifarafi7@gmail.com', 3, '2023-03-09 01:14:39', 1),
(111, '103.189.201.9', 'hanifarafi7@gmail.com', 3, '2023-03-09 01:35:32', 1),
(112, '103.189.201.9', 'hanifarafi7@gmail.com', 3, '2023-03-09 01:35:43', 1),
(113, '103.189.201.9', 'hanifarafi7@gmail.com', 3, '2023-03-09 01:36:30', 1),
(114, '103.189.201.9', 'hanifarafi7@gmail.com', 3, '2023-03-09 01:36:31', 1),
(115, '103.189.201.9', 'hanifarafi7@gmail.com', 3, '2023-03-09 01:38:03', 1),
(116, '103.189.201.9', 'hanifarafi7@gmail.com', 3, '2023-03-09 01:38:54', 1),
(117, '103.189.201.9', 'hanifarafi7@gmail.com', 3, '2023-03-09 01:42:32', 1),
(118, '103.189.201.9', 'hanifarafi7@gmail.com', 3, '2023-03-09 01:46:20', 1),
(119, '103.189.201.9', 'hanfiarafi7@gmail.com', NULL, '2023-03-09 01:48:01', 0),
(120, '103.189.201.9', 'hanfiarafi7@gmail.com', NULL, '2023-03-09 01:48:08', 0),
(121, '103.189.201.9', 'hanifarafi7@gmail.com', 3, '2023-03-09 01:48:27', 1),
(122, '103.189.201.9', 'hanfiarafi7@gmail.com', NULL, '2023-03-09 01:49:40', 0),
(123, '114.5.240.112', 'hanifarafi7@gmail.com', 3, '2023-03-09 02:47:06', 1),
(124, '114.5.240.112', 'hanfiarafi7@gmail.com', NULL, '2023-03-09 02:49:33', 0),
(125, '114.5.240.112', 'hanfiarafi7@gmail.com', NULL, '2023-03-09 02:49:42', 0),
(126, '114.5.240.112', 'hanfiarafi7@gmail.com', NULL, '2023-03-09 02:50:46', 0),
(127, '114.5.240.112', 'hanfiarafi7@gmail.com', NULL, '2023-03-09 02:50:56', 0),
(128, '125.164.232.47', 'hanifarafi7@gmail.com', 3, '2023-03-09 03:20:23', 1),
(129, '125.164.232.47', 'hanifarafi7@gmail.com', 3, '2023-03-09 03:22:12', 1),
(130, '125.164.232.47', 'hanifarafi7@gmail.com', 3, '2023-03-09 03:23:13', 1),
(131, '125.164.232.47', 'hanifarafi7@gmail.com', 3, '2023-03-09 03:49:40', 1),
(132, '114.5.240.112', 'hanfiarafi7@gmail.com', NULL, '2023-03-09 04:32:46', 0),
(133, '125.164.232.47', 'hanifarafi7@gmail.com', 3, '2023-03-09 05:05:16', 1),
(134, '103.132.230.93', 'hanifarafi7@gmail.com', 3, '2023-03-09 05:53:05', 1),
(135, '114.5.240.112', 'hanfiarafi7@gmail.com', NULL, '2023-03-09 05:53:55', 0),
(136, '114.5.240.112', 'hanifarafi7@gmail.com', 3, '2023-03-09 05:54:04', 1),
(137, '103.189.201.9', 'hanifarafi7@gmail.com', 3, '2023-03-09 06:40:16', 1),
(138, '103.189.201.9', 'hanifarafi7@gmail.com', 3, '2023-03-09 06:46:09', 1),
(139, '103.189.201.9', 'hanifarafi7@gmail.com', 3, '2023-03-09 06:51:51', 1),
(140, '182.253.217.171', 'hanifarafi7@gmail.com', 3, '2023-03-09 07:10:59', 1),
(141, '103.189.201.9', 'hanifarafi7@gmail.com', 3, '2023-03-09 07:13:13', 1),
(142, '103.189.201.9', 'hanifarafi7@gmail.com', 3, '2023-03-09 07:19:55', 1),
(143, '182.253.217.171', 'hanifarafi7@gmail.com', 3, '2023-03-09 07:30:32', 1),
(144, '103.189.201.9', 'hanifarafi7@gmail.com', 3, '2023-03-09 07:42:14', 1),
(145, '103.189.201.9', 'hanfiarafi7@gmail.com', NULL, '2023-03-09 08:47:04', 0),
(146, '103.189.201.9', 'hanfiarafi7@gmail.com', NULL, '2023-03-09 08:47:11', 0),
(147, '103.189.201.9', 'hanifarafi7@gmail.com', 3, '2023-03-09 08:57:27', 1),
(148, '103.189.201.9', 'hanifarafi7@gmail.com', 3, '2023-03-09 09:09:19', 1),
(149, '103.189.201.9', 'hanifarafi7@gmail.com', 3, '2023-03-09 09:22:42', 1),
(150, '103.189.201.9', 'hanifarafi7@gmail.com', 3, '2023-03-09 11:53:19', 1),
(151, '103.189.201.9', 'hanifarafi7@gmail.com', 3, '2023-03-09 11:53:50', 1),
(152, '103.189.201.9', 'hanifarafi7@gmail.com', 3, '2023-03-09 12:01:55', 1),
(153, '118.99.83.90', 'hanifarafi7@gmail.com', 3, '2023-03-09 12:13:24', 1),
(154, '118.99.83.90', 'hanifarafi7@gmail.com', 3, '2023-03-09 12:13:35', 1),
(155, '103.189.201.9', 'hanifarafi7@gmail.com', 3, '2023-03-09 12:41:24', 1),
(156, '114.5.240.148', 'hanifarafi7@gmail.com', 3, '2023-03-09 12:50:16', 1),
(157, '103.189.201.9', 'hanifarafi7@gmail.com', 3, '2023-03-09 14:08:49', 1),
(158, '103.189.201.9', 'hanifarafi7@gmail.com', 3, '2023-03-09 14:13:01', 1),
(159, '182.253.217.171', 'hanifarafi7@gmail.com', 3, '2023-03-09 14:37:51', 1),
(160, '103.189.201.9', 'hanifarafi7@gmail.com', 3, '2023-03-09 23:21:55', 1),
(161, '103.189.201.9', 'hanifarafi7@gmail.com', 3, '2023-03-09 23:22:26', 1),
(162, '103.189.201.9', 'hanifarafi7@gmail.com', 3, '2023-03-10 01:12:44', 1),
(163, '103.189.201.9', 'hanfiarafi7@gmail.com', NULL, '2023-03-10 02:10:05', 0),
(164, '103.189.201.9', 'hanifarafi7@gmail.com', 3, '2023-03-10 02:10:43', 1),
(165, '114.5.240.148', 'hanifarafi7@gmail.com', 3, '2023-03-10 02:41:21', 1),
(166, '182.253.217.171', 'hanifarafi7@gmail.com', 3, '2023-03-10 04:46:54', 1),
(167, '114.5.221.58', 'hanifarafi7@gmail.com', 3, '2023-03-10 07:34:56', 1),
(168, '114.5.221.58', 'hanifarafi7@gmail.com', 3, '2023-03-10 07:43:23', 1),
(169, '114.5.240.148', 'hanifarafi7@gmail.com', 3, '2023-03-10 07:43:34', 1),
(170, '118.99.83.90', 'hanifarafi7@gmail.com', 3, '2023-03-10 12:04:40', 1),
(171, '103.189.201.9', 'hanifarafi7@gmail.com', 3, '2023-03-10 12:58:11', 1),
(172, '112.215.172.55', 'lindarahmawati011001@gmail.com', 4, '2023-03-10 14:24:23', 0),
(173, '112.215.172.55', 'lindarahmawati011001@gmail.com', 4, '2023-03-10 14:45:35', 0),
(174, '140.213.166.33', 'ardianita06@gmail.com', 6, '2023-03-11 00:51:22', 1),
(175, '140.213.166.33', 'ardianita06@gmail.com', 6, '2023-03-11 04:52:00', 1),
(176, '125.164.233.60', 'hanifarafi7@gmail.com', 3, '2023-03-11 05:38:06', 1),
(177, '125.164.233.60', 'hanifarafi7@gmail.com', 3, '2023-03-11 05:39:59', 1),
(178, '118.99.83.90', 'hanifarafi7@gmail.com', 3, '2023-03-11 07:18:18', 1),
(179, '114.5.240.148', 'hanifarafi7@gmail.com', 3, '2023-03-11 09:59:37', 1),
(180, '114.5.240.148', 'linda', NULL, '2023-03-11 10:00:57', 0),
(181, '103.189.201.9', 'hanifarafi7@gmail.com', 3, '2023-03-11 10:37:09', 1),
(182, '103.189.201.9', 'hanifarafi7@gmail.com', 3, '2023-03-11 10:37:26', 1),
(183, '182.253.217.171', 'hanifarafi7@gmail.com', 3, '2023-03-11 11:08:39', 1),
(184, '115.178.246.76', 'admin', NULL, '2023-03-11 11:29:55', 0),
(185, '103.160.184.11', 'hanifarafi7@gmail.com', 3, '2023-03-11 12:06:28', 1),
(186, '103.160.184.11', 'dddd', NULL, '2023-03-11 12:07:57', 0),
(187, '103.160.184.11', 'hanifarafi7@gmail.com', 3, '2023-03-11 12:13:03', 1),
(188, '182.253.217.171', 'hanifarafi7@gmail.com', 3, '2023-03-11 12:31:17', 1),
(189, '103.189.201.9', 'hanifarafi7@gmail.com', 3, '2023-03-11 12:44:08', 1),
(190, '103.160.184.11', 'hanifarafi7@gmail.com', 3, '2023-03-11 12:48:46', 1),
(191, '140.213.168.141', 'ardianita06@gmail.com', 6, '2023-03-11 13:56:52', 1),
(192, '103.189.201.9', 'hanifarafi7@gmail.com', 3, '2023-03-11 14:47:33', 1),
(193, '182.253.217.171', 'hanifarafi7@gmail.com', 3, '2023-03-12 01:25:16', 1),
(194, '114.5.240.148', 'hanifaja', NULL, '2023-03-12 06:06:17', 0),
(195, '114.5.240.148', 'hanifarafi7@gmail.com', 3, '2023-03-12 06:06:32', 1),
(196, '182.253.217.171', 'hanifarafi7@gmail.com', 3, '2023-03-12 07:30:27', 1),
(197, '182.253.217.171', 'hanifarafi7@gmail.com', 3, '2023-03-12 12:40:15', 1),
(198, '182.253.217.171', 'hanifarafi7@gmail.com', 3, '2023-03-12 13:17:15', 1),
(199, '103.160.184.11', 'hanifarafi7@gmail.com', 3, '2023-03-12 13:20:40', 1),
(200, '182.253.217.171', 'hanifarafi7@gmail.com', 3, '2023-03-12 14:01:09', 1),
(201, '103.160.184.11', 'hanifarafi7@gmail.com', 3, '2023-03-12 14:15:11', 1),
(202, '140.213.42.57', 'lindarahmawati011001@student.uns.ac.id', NULL, '2023-03-12 14:24:08', 0),
(203, '140.213.42.57', 'lindarahmawati011001@gmail.com', 4, '2023-03-12 14:24:31', 1),
(204, '182.253.217.171', 'hanifarafi7@gmail.com', 3, '2023-03-12 22:27:52', 1),
(205, '103.189.201.9', 'hanifarafi7@gmail.com', 3, '2023-03-13 01:12:25', 1),
(206, '103.189.201.9', 'hanifarafi7@gmail.com', 3, '2023-03-13 01:12:46', 1),
(207, '103.189.201.9', 'hanifarafi7@gmail.com', 3, '2023-03-13 01:15:20', 1),
(208, '103.189.201.9', 'hanifarafi7@gmail.com', 3, '2023-03-13 01:17:15', 1),
(209, '103.189.201.9', 'hanifarafi7@gmail.com', 3, '2023-03-13 01:18:41', 1),
(210, '103.189.201.9', 'hanifarafi7@gmail.com', 3, '2023-03-13 01:18:59', 1),
(211, '103.189.201.9', 'hanifarafi7@gmail.com', 3, '2023-03-13 01:19:43', 1),
(212, '103.189.201.9', 'hanifarafi7@gmail.com', 3, '2023-03-13 01:19:47', 1),
(213, '103.189.201.9', 'hanifarafi7@gmail.com', 3, '2023-03-13 01:25:55', 1),
(214, '103.189.201.9', 'hanifarafi7@gmail.com', 3, '2023-03-13 01:28:49', 1),
(215, '103.189.201.9', 'hanifarafi7@gmail.com', 3, '2023-03-13 01:29:00', 1),
(216, '103.189.201.9', 'hanifarafi7@gmail.com', 3, '2023-03-13 01:29:44', 1),
(217, '103.189.201.9', 'hanifarafi7@gmail.com', 3, '2023-03-13 01:29:49', 1),
(218, '103.189.201.9', 'hanifarafi7@gmail.com', 3, '2023-03-13 01:30:07', 1),
(219, '103.189.201.9', 'hanifarafi7@gmail.com', 3, '2023-03-13 01:35:46', 1),
(220, '103.189.201.9', 'hanifarafi7@gmail.com', 3, '2023-03-13 01:35:54', 1),
(221, '103.189.201.9', 'hanifarafi7@gmail.com', 3, '2023-03-13 01:36:11', 1),
(222, '103.189.201.9', 'hanifarafi7@gmail.com', 3, '2023-03-13 01:36:42', 1),
(223, '103.189.201.9', 'hanifarafi7@gmail.com', 3, '2023-03-13 01:37:43', 1),
(224, '103.189.201.9', 'hanifarafi7@gmail.com', 3, '2023-03-13 01:38:20', 1),
(225, '103.189.201.9', 'hanifarafi7@gmail.com', 3, '2023-03-13 01:38:28', 1),
(226, '103.189.201.9', 'hanifarafi7@gmail.com', 3, '2023-03-13 01:39:09', 1),
(227, '103.189.201.9', 'hanifarafi7@gmail.com', 3, '2023-03-13 01:46:08', 1),
(228, '103.189.201.9', 'hanifarafi7@gmail.com', 3, '2023-03-13 01:46:30', 1),
(229, '103.189.201.9', 'hanifarafi7@gmail.com', 3, '2023-03-13 01:49:09', 1),
(230, '103.189.201.9', 'hanifarafi7@gmail.com', 3, '2023-03-13 01:49:23', 1),
(231, '103.189.201.9', 'hanifarafi7@gmail.com', 3, '2023-03-13 01:49:40', 1),
(232, '103.189.201.9', 'hanifarafi7@gmail.com', NULL, '2023-03-13 01:51:12', 0),
(233, '103.189.201.9', 'hanifarafi7@gmail.com', 3, '2023-03-13 01:51:20', 1),
(234, '103.189.201.9', 'hanifarafi7@gmail.com', NULL, '2023-03-13 01:51:43', 0),
(235, '103.189.201.9', 'hanifarafi7@gmail.com', 3, '2023-03-13 01:51:50', 1),
(236, '103.189.201.9', 'hanifarafi7@gmail.com', 3, '2023-03-13 01:53:07', 1),
(237, '103.189.201.9', 'hanifarafi7@gmail.com', 3, '2023-03-13 01:56:25', 1),
(238, '103.189.201.9', 'hanifarafi7@gmail.com', 3, '2023-03-13 01:57:40', 1),
(239, '103.189.201.9', 'hanifarafi7@gmail.com', 3, '2023-03-13 02:01:25', 1),
(240, '103.189.201.9', 'hanifarafi7@gmail.com', 3, '2023-03-13 02:01:40', 1),
(241, '103.189.201.9', 'hanifarafi7@gmail.com', 3, '2023-03-13 02:06:59', 1),
(242, '103.189.201.9', 'hanifarafi7@gmail.com', 3, '2023-03-13 02:10:00', 1),
(243, '103.189.201.9', 'hanifarafi7@gmail.com', 3, '2023-03-13 02:10:27', 1),
(244, '103.189.201.9', 'hanifarafi7@gmail.com', 3, '2023-03-13 02:12:38', 1),
(245, '103.189.201.9', 'hanifarafi7@gmail.com', 3, '2023-03-13 02:17:06', 1),
(246, '103.189.201.9', 'hanifarafi7@gmail.com', 3, '2023-03-13 02:17:21', 1),
(247, '103.189.201.9', 'hanifarafi7@gmail.com', 3, '2023-03-13 02:20:02', 1),
(248, '103.189.201.9', 'hanifarafi7@gmail.com', 3, '2023-03-13 02:22:29', 1),
(249, '103.189.201.9', 'hanifarafi7@gmail.com', 3, '2023-03-13 02:22:54', 1),
(250, '103.189.201.9', 'hanifarafi7@gmail.com', 3, '2023-03-13 02:23:17', 1),
(251, '103.189.201.9', 'hanifarafi7@gmail.com', 3, '2023-03-13 02:24:12', 1),
(252, '103.189.201.9', 'hanifarafi7@gmail.com', 3, '2023-03-13 02:24:17', 1),
(253, '103.189.201.9', 'hanifarafi7@gmail.com', 3, '2023-03-13 02:32:29', 1),
(254, '103.189.201.9', 'hanifarafi7@gmail.com', 3, '2023-03-13 02:32:44', 1),
(255, '103.189.201.9', 'hanifarafi7@gmail.com', 3, '2023-03-13 02:33:26', 1),
(256, '103.189.201.9', 'hanifarafi7@gmail.com', 3, '2023-03-13 02:33:45', 1),
(257, '103.189.201.9', 'hanifarafi7@gmail.com', 3, '2023-03-13 02:34:12', 1),
(258, '103.189.201.9', 'hanifarafi7@gmail.com', 3, '2023-03-13 02:37:12', 1),
(259, '182.253.217.171', 'hanifarafi7@gmail.com', 3, '2023-03-13 03:33:36', 1),
(260, '103.160.184.11', 'hanifarafi7@gmail.com', 3, '2023-03-13 05:01:09', 1),
(261, '103.160.184.11', 'hanifarafi7@gmail.com', 3, '2023-03-13 06:34:10', 1),
(262, '140.213.162.11', 'ardianita06@gmail.com', 6, '2023-03-13 06:48:23', 1),
(263, '103.189.201.9', 'hanifarafi7@gmail.com', NULL, '2023-03-13 07:39:30', 0),
(264, '103.189.201.9', 'hanifarafi7@gmail.com', 3, '2023-03-13 08:26:33', 1),
(265, '114.5.240.148', 'hanifarafi7@gmail.com', 3, '2023-03-13 08:46:29', 1),
(266, '103.189.201.9', 'hanifarafi7@gmail.com', 3, '2023-03-13 09:11:44', 1),
(267, '103.189.201.9', 'hanifarafi7@gmail.com', 3, '2023-03-13 09:36:38', 1),
(268, '103.160.184.11', 'hanifarafi7@gmail.com', 3, '2023-03-13 12:49:10', 1),
(269, '118.99.83.90', 'hanifaja', NULL, '2023-03-13 13:10:14', 0),
(270, '118.99.83.90', 'hanifarafi7@gmail.com', 3, '2023-03-13 13:10:19', 1),
(271, '182.253.217.171', 'hanifarafi7@gmail.com', 3, '2023-03-13 13:54:20', 1),
(272, '140.213.176.153', 'ardianita06@gmail.com', 6, '2023-03-13 15:53:11', 1),
(273, '182.253.217.171', 'hanifarafi7@gmail.com', 3, '2023-03-13 16:17:52', 1),
(274, '118.99.83.90', 'hanifarafi7@gmail.com', 3, '2023-03-13 16:24:04', 1),
(275, '118.99.83.90', 'hanifarafi7@gmail.com', 3, '2023-03-13 16:55:23', 1),
(276, '103.189.201.9', 'hanifarafi7@gmail.com', 3, '2023-03-13 22:53:06', 1),
(277, '103.189.201.9', 'hanifarafi7@gmail.com', 3, '2023-03-13 22:53:20', 1),
(278, '103.189.201.9', 'hanifarafi7@gmail.com', 3, '2023-03-13 22:55:01', 1),
(279, '103.189.201.9', 'hanifarafi7@gmail.com', 3, '2023-03-13 22:57:20', 1),
(280, '103.189.201.9', 'hanifarafi7@gmail.com', 3, '2023-03-13 23:08:51', 1),
(281, '103.189.201.9', 'hanifarafi7@gmail.com', 3, '2023-03-13 23:11:45', 1),
(282, '103.189.201.9', 'hanifarafi7@gmail.com', 3, '2023-03-13 23:12:09', 1),
(283, '103.189.201.9', 'hanifarafi7@gmail.com', NULL, '2023-03-13 23:12:31', 0),
(284, '103.189.201.9', 'hanifarafi7@gmail.com', 3, '2023-03-13 23:12:38', 1),
(285, '103.189.201.9', 'hanifarafi7@gmail.com', 3, '2023-03-13 23:13:00', 1),
(286, '103.189.201.9', 'hanifarafi7@gmail.com', 3, '2023-03-13 23:14:14', 1),
(287, '103.189.201.9', 'hanifarafi7@gmail.com', 3, '2023-03-13 23:15:48', 1),
(288, '103.189.201.9', 'hanifarafi7@gmail.com', 3, '2023-03-13 23:17:01', 1),
(289, '103.189.201.9', 'hanifarafi7@gmail.com', 3, '2023-03-13 23:17:22', 1),
(290, '103.189.201.9', 'hanifarafi7@gmail.com', 3, '2023-03-13 23:18:39', 1),
(291, '103.189.201.9', 'hanifarafi7@gmail.com', 3, '2023-03-13 23:21:00', 1),
(292, '103.189.201.9', 'hanifarafi7@gmail.com', 3, '2023-03-13 23:21:28', 1),
(293, '103.189.201.9', 'hanifarafi7@gmail.com', 3, '2023-03-13 23:22:17', 1),
(294, '103.189.201.9', 'hanifarafi7@gmail.com', 3, '2023-03-13 23:22:36', 1),
(295, '103.189.201.9', 'hanifarafi7@gmail.com', 3, '2023-03-13 23:23:03', 1),
(296, '103.189.201.9', 'hanifarafi7@gmail.com', 3, '2023-03-13 23:23:27', 1),
(297, '103.189.201.9', 'hanifarafi7@gmail.com', 3, '2023-03-13 23:27:09', 1),
(298, '103.189.201.9', 'hanifarafi7@gmail.com', 3, '2023-03-13 23:28:11', 1),
(299, '103.189.201.9', 'hanifarafi7@gmail.com', 3, '2023-03-13 23:29:15', 1),
(300, '103.189.201.9', 'hanifarafi7@gmail.com', 3, '2023-03-13 23:29:35', 1),
(301, '103.189.201.9', 'hanifarafi7@gmail.com', 3, '2023-03-13 23:31:37', 1),
(302, '103.189.201.9', 'hanifarafi7@gmail.com', 3, '2023-03-13 23:31:50', 1),
(303, '103.189.201.9', 'hanifarafi7@gmail.com', 3, '2023-03-13 23:33:50', 1),
(304, '103.189.201.9', 'hanifarafi7@gmail.com', 3, '2023-03-13 23:34:18', 1),
(305, '103.189.201.9', 'hanifarafi7@gmail.com', 3, '2023-03-13 23:36:07', 1),
(306, '103.189.201.9', 'hanifarafi7@gmail.com', 3, '2023-03-14 00:08:32', 1),
(307, '103.189.201.9', 'hanifarafi7@gmail.com', 3, '2023-03-14 00:08:50', 1),
(308, '103.189.201.9', 'hanifarafi7@gmail.com', 3, '2023-03-14 00:09:11', 1),
(309, '103.189.201.9', 'hanifarafi7@gmail.com', 3, '2023-03-14 00:09:59', 1),
(310, '103.189.201.9', 'hanifarafi7@gmail.com', 3, '2023-03-14 00:11:39', 1),
(311, '103.189.201.9', 'hanifarafi7@gmail.com', 3, '2023-03-14 00:13:22', 1),
(312, '103.189.201.9', 'hanifarafi7@gmail.com', 3, '2023-03-14 00:13:38', 1),
(313, '103.189.201.9', 'hanifarafi7@gmail.com', 3, '2023-03-14 00:14:30', 1),
(314, '103.189.201.9', 'hanifarafi7@gmail.com', 3, '2023-03-14 00:16:02', 1),
(315, '103.189.201.9', 'hanifarafi7@gmail.com', 3, '2023-03-14 00:16:31', 1),
(316, '103.189.201.9', 'hanifarafi7@gmail.com', 3, '2023-03-14 00:17:57', 1),
(317, '103.189.201.9', 'hanifarafi7@gmail.com', 3, '2023-03-14 00:18:07', 1),
(318, '103.189.201.9', 'hanifarafi7@gmail.com', 3, '2023-03-14 00:22:26', 1),
(319, '103.189.201.9', 'hanifarafi7@gmail.com', 3, '2023-03-14 00:22:40', 1),
(320, '103.189.201.9', 'hanifarafi7@gmail.com', 3, '2023-03-14 00:22:53', 1),
(321, '103.189.201.9', 'hanifarafi7@gmail.com', 3, '2023-03-14 00:23:11', 1),
(322, '103.189.201.9', 'hanifarafi7@gmail.com', 3, '2023-03-14 00:24:31', 1),
(323, '140.213.176.153', 'nitt', NULL, '2023-03-14 00:24:42', 0),
(324, '140.213.176.153', 'nitt', NULL, '2023-03-14 00:25:00', 0),
(325, '140.213.176.153', 'nitt', NULL, '2023-03-14 00:25:51', 0),
(326, '140.213.176.153', 'nitt', NULL, '2023-03-14 00:26:04', 0),
(327, '103.189.201.9', 'hanifarafi7@gmail.com', 3, '2023-03-14 00:26:46', 1),
(328, '103.189.201.9', 'hanifarafi7@gmail.com', 3, '2023-03-14 00:27:11', 1),
(329, '140.213.176.153', 'ardianita06@gmail.com', 6, '2023-03-14 00:27:16', 1),
(330, '103.189.201.9', 'hanifarafi7@gmail.com', 3, '2023-03-14 00:29:45', 1),
(331, '103.189.201.9', 'hanifarafi7@gmail.com', 3, '2023-03-14 00:30:06', 1),
(332, '103.189.201.9', 'hanifarafi7@gmail.com', 3, '2023-03-14 00:30:45', 1),
(333, '103.189.201.9', 'ardianita06@gmail.com', 6, '2023-03-14 00:33:02', 1),
(334, '103.189.201.9', 'hanifarafi7@gmail.com', 3, '2023-03-14 00:33:14', 1),
(335, '103.189.201.9', 'hanifarafi7@gmail.com', 3, '2023-03-14 00:34:06', 1),
(336, '103.189.201.9', 'hanifarafi7@gmail.com', 3, '2023-03-14 00:39:07', 1),
(337, '103.189.201.9', 'ardianita06@gmail.com', 6, '2023-03-14 00:39:52', 1),
(338, '103.189.201.9', 'hanifarafi7@gmail.com', 3, '2023-03-14 00:41:19', 1),
(339, '103.189.201.9', 'hanfiarafi7@gmail.com', NULL, '2023-03-14 00:47:35', 0),
(340, '103.189.201.9', 'hanfiarafi7@gmail.com', NULL, '2023-03-14 00:47:44', 0),
(341, '103.189.201.9', 'hanfiarafi7@gmail.com', NULL, '2023-03-14 00:47:54', 0),
(342, '103.189.201.9', 'ardianita06@gmail.com', 6, '2023-03-14 00:48:54', 1),
(343, '103.189.201.9', 'hanifarafi7@gmail.com', 3, '2023-03-14 00:49:40', 1),
(344, '103.189.201.9', 'hanifarafi7@gmail.com', 3, '2023-03-14 00:52:36', 1),
(345, '103.189.201.9', 'hanifarafi7@gmail.com', 3, '2023-03-14 00:58:36', 1),
(346, '103.189.201.9', 'hanifarafi7@gmail.com', 3, '2023-03-14 01:06:14', 1),
(347, '140.213.176.153', 'ardianita06@gmail.com', 6, '2023-03-14 01:08:26', 1),
(348, '103.189.201.9', 'hanifarafi7@gmail.com', 3, '2023-03-14 01:21:23', 1),
(349, '103.189.201.9', 'hanifarafi7@gmail.com', 3, '2023-03-14 01:54:03', 1),
(350, '103.189.201.9', 'hanifarafi7@gmail.com', 3, '2023-03-14 01:54:07', 1),
(351, '103.189.201.9', 'hanifarafi7@gmail.com', 3, '2023-03-14 01:54:09', 1),
(352, '112.215.237.148', 'lindarahmawati011001@gmail.com', 4, '2023-03-14 03:08:30', 1),
(353, '112.215.237.148', 'lindarahmawati011001@gmail.com', 4, '2023-03-14 03:14:14', 1),
(354, '125.164.235.137', 'hanifarafi7@gmail.com', 3, '2023-03-14 03:35:30', 1),
(355, '125.164.235.137', 'ardianita06@gmail.com', 6, '2023-03-14 03:36:34', 1),
(356, '103.189.201.9', 'ardianita06@gmail.com', NULL, '2023-03-14 03:41:55', 0),
(357, '103.189.201.9', 'ardianita06@gmail.com', 6, '2023-03-14 03:42:04', 1),
(358, '103.189.201.9', 'ardianita06@gmail.com', 6, '2023-03-14 03:45:16', 1),
(359, '103.189.201.9', 'ardianita06@gmail.com', 6, '2023-03-14 03:46:05', 1),
(360, '103.189.201.9', 'hanifarafi7@gmail.com', 3, '2023-03-14 03:47:28', 1),
(361, '103.189.201.9', 'ardianita06@gmail.com', 6, '2023-03-14 03:57:51', 1),
(362, '112.215.237.148', 'lindarahmawati011001@gmail.com', 4, '2023-03-14 03:58:19', 1),
(363, '112.215.154.115', 'hanifarafi7@gmail.com', 3, '2023-03-14 03:58:25', 1),
(364, '112.215.154.115', 'ardianita06@gmail.com', 6, '2023-03-14 04:01:20', 1),
(365, '103.189.201.9', 'hanifarafi7@gmail.com', 3, '2023-03-14 04:05:59', 1),
(366, '112.215.154.115', 'ardianita06@gmail.com', 6, '2023-03-14 04:24:26', 1),
(367, '125.164.235.137', 'hanifarafi7@gmail.com', 3, '2023-03-14 04:24:36', 1),
(368, '112.215.237.148', 'lindarahmawati011001@gmail.com', 4, '2023-03-14 04:33:49', 1),
(369, '112.215.237.148', 'lindarahmawati011001@gmail.com', 4, '2023-03-14 04:35:00', 1),
(370, '112.215.237.148', 'lindarahmawati011001@gmail.com', 4, '2023-03-14 04:35:57', 1),
(371, '112.215.237.148', 'lindarahmawati011001@gmail.com', 4, '2023-03-14 04:41:02', 1),
(372, '140.213.176.153', 'ardianita06@gmail.com', 6, '2023-03-14 04:44:09', 1),
(373, '112.215.154.115', 'ardianita06@gmail.com', 6, '2023-03-14 06:25:33', 1),
(374, '125.164.235.137', 'hanifarafi7@gmail.com', 3, '2023-03-14 06:25:55', 1),
(375, '125.164.235.137', 'ardianita06@gmail.com', 6, '2023-03-14 06:28:02', 1),
(376, '140.213.219.58', 'lindarahmawati011001@gmail.com', 4, '2023-03-14 06:58:53', 1),
(377, '125.164.235.137', 'hanifarafi7@gmail.com', 3, '2023-03-14 06:59:18', 1),
(378, '125.164.235.137', 'hanifarafi7@gmail.com', 3, '2023-03-14 07:04:11', 1),
(379, '140.213.219.58', 'lindarahmawati011001@student.uns.ac.id', 5, '2023-03-14 07:11:11', 1),
(380, '140.213.219.58', 'ardianita06@gmail.com', 6, '2023-03-14 07:49:21', 1),
(381, '140.213.219.58', 'lindarahmawati011001@gmail.com', 4, '2023-03-14 07:50:23', 1),
(382, '125.164.235.137', 'hanifarafi7@gmail.com', 3, '2023-03-14 08:29:26', 1),
(383, '120.188.74.61', 'hanifarafi7@gmail.com', 3, '2023-03-14 09:47:58', 1),
(384, '182.1.68.158', 'ardianita06@gmail.com', 6, '2023-03-14 10:18:44', 1),
(385, '140.213.219.144', 'lindarahmawati011001@gmail.com', 4, '2023-03-14 14:17:01', 1),
(386, '140.213.219.144', 'lindarahmawati011001@gmail.com', 7, '2023-03-14 14:20:51', 1),
(387, '140.213.219.144', 'ardianita06@gmail.com', 6, '2023-03-14 14:21:57', 1),
(388, '182.253.217.171', 'hanifarafi7@gmail.com', 3, '2023-03-14 15:26:37', 1),
(389, '140.213.219.144', 'nitt', NULL, '2023-03-14 17:01:28', 0),
(390, '140.213.219.144', 'ardianita06@gmail.com', 6, '2023-03-14 17:01:51', 1),
(391, '140.213.219.144', 'nit', NULL, '2023-03-14 17:51:57', 0),
(392, '140.213.219.144', 'ardianita06@gmail.com', 6, '2023-03-14 17:52:06', 1),
(393, '140.213.162.206', 'ardianita06@gmail.com', 6, '2023-03-14 18:02:01', 1),
(394, '140.213.164.247', 'ardianita06@gmail.com', 6, '2023-03-14 19:10:05', 1),
(395, '182.253.217.171', 'ardianita06@gmail.com', 6, '2023-03-14 21:38:55', 1),
(396, '182.253.217.171', 'hanifarafi7@gmail.com', 3, '2023-03-14 21:40:13', 1),
(397, '182.253.217.171', 'ardianita06@gmail.com', 6, '2023-03-15 03:58:45', 1),
(398, '140.213.167.184', 'ardianita06@gmail.com', 6, '2023-03-15 22:39:57', 1),
(399, '182.253.217.171', 'ardianita06@gmail.com', 6, '2023-03-15 22:45:07', 1),
(400, '140.213.175.140', 'ardianita06@gmail.com', 6, '2023-03-15 23:35:21', 1),
(401, '182.253.245.155', 'ardianita06@gmail.com', 6, '2023-03-16 07:50:31', 1),
(402, '182.253.245.155', 'ardianita06@gmail.com', 6, '2023-03-16 08:44:46', 1),
(403, '182.253.245.155', 'ardianita06@gmail.com', 6, '2023-03-16 09:03:06', 1),
(404, '36.68.10.207', 'ardianita06@gmail.com', 6, '2023-03-19 01:23:35', 1),
(405, '36.68.10.207', 'hanifarafi7@gmail.com', 3, '2023-03-19 01:23:53', 1),
(406, '36.68.10.207', 'ardianita06@gmail.com', 6, '2023-03-19 01:37:46', 1),
(407, '36.68.10.207', 'hanifarafi7@gmail.com', 3, '2023-03-19 02:14:08', 1),
(408, '36.68.10.207', 'hanifarafi7@gmail.com', 3, '2023-03-20 04:46:08', 1),
(409, '36.68.10.207', 'hanifarafi7@gmail.com', 3, '2023-03-20 05:40:01', 1),
(410, '36.68.10.204', 'hanifarafi7@gmail.com', 3, '2023-03-20 15:50:16', 1),
(411, '36.68.10.204', 'ardianita06@gmail.com', 6, '2023-03-20 15:50:31', 1),
(412, '36.68.10.204', 'ardianita06@gmail.com', 6, '2023-03-21 02:42:14', 1),
(413, '36.68.10.204', 'hanifarafi7@gmail.com', 3, '2023-03-21 04:05:58', 1),
(414, '36.68.10.204', 'hanifarafi7@gmail.com', 3, '2023-03-21 04:49:19', 1),
(415, '36.68.10.204', 'hanifarafi7@gmail.com', 3, '2023-03-21 07:07:10', 1),
(416, '36.68.10.204', 'hanifarafi7@gmail.com', 3, '2023-03-21 07:07:16', 1),
(417, '182.2.68.169', 'ardianita06@gmail.com', 6, '2023-03-21 16:38:48', 1),
(418, '101.128.110.171', 'hanifarafi7@gmail.com', 3, '2023-03-22 07:10:03', 1),
(419, '101.128.110.171', 'ardianita06@gmail.com', 6, '2023-03-22 07:10:12', 1),
(420, '112.215.240.111', 'hanifarafi7@gmail.com', 3, '2023-03-22 07:36:49', 1),
(421, '112.215.240.111', 'hanifarafi7@gmail.com', 3, '2023-03-22 07:37:54', 1),
(422, '112.215.240.111', 'hanifarafi7@gmail.com', 3, '2023-03-22 07:39:14', 1),
(423, '112.215.240.111', 'hanifarafi7@gmail.com', 3, '2023-03-22 07:40:29', 1),
(424, '112.215.240.111', 'admin', NULL, '2023-03-22 07:41:29', 0),
(425, '112.215.242.242', 'ardianita06@gmail.com', 6, '2023-03-22 14:30:03', 1),
(426, '118.99.83.90', 'hanifarafi7@gmail.com', 3, '2023-03-22 15:58:53', 1),
(427, '103.189.201.9', 'hanifarafi7@gmail.com', NULL, '2023-03-23 23:42:28', 0),
(428, '103.189.201.9', 'hanifarafi7@gmail.com', 3, '2023-03-23 23:42:51', 1),
(429, '103.189.201.9', 'ardianita06@gmail.com', 6, '2023-03-23 23:43:55', 1),
(430, '103.189.201.9', 'ardianita06@gmail.com', 6, '2023-03-24 00:04:12', 1),
(431, '203.78.117.17', 'ardianita06@gmail.com', 6, '2023-03-24 01:22:39', 1),
(432, '125.166.9.98', 'ardianita06@gmail.com', 6, '2023-03-24 01:59:01', 1),
(433, '125.166.9.98', 'ardianita06@gmail.com', 6, '2023-03-24 02:28:24', 1),
(434, '125.166.9.98', 'ardianita06@gmail.com', 6, '2023-03-24 02:32:43', 1),
(435, '182.2.69.109', 'ardianita06@gmail.com', 6, '2023-03-24 03:05:40', 1),
(436, '125.166.9.98', 'ardianita06@gmail.com', 6, '2023-03-24 03:33:38', 1),
(437, '125.166.9.98', 'ardianita06@gmail.com', 6, '2023-03-24 03:40:50', 1),
(438, '125.166.9.98', 'hanifarafi7@gmail.com', 3, '2023-03-24 04:02:51', 1),
(439, '182.2.69.109', 'ardianita06@gmail.com', 6, '2023-03-24 04:11:55', 1),
(440, '103.189.201.9', 'ardianita06@gmail.com', 6, '2023-03-24 06:30:02', 1),
(441, '103.189.201.9', 'ardianita06@gmail.com', 6, '2023-03-24 09:24:47', 1),
(442, '103.174.113.5', 'ardianita06@gmail.com', 6, '2023-03-24 13:00:36', 1),
(443, '103.174.113.5', 'hanifarafi7@gmail.com', 3, '2023-03-24 13:10:12', 1),
(444, '103.174.113.5', 'ardianita06@gmail.com', 6, '2023-03-24 14:41:33', 1),
(445, '182.253.217.171', 'hanifarafi7@gmail.com', 3, '2023-03-24 15:06:23', 1),
(446, '103.174.113.5', 'ardianita06@gmail.com', 6, '2023-03-24 15:07:04', 1),
(447, '182.253.217.171', 'ardianita06@gmail.com', 6, '2023-03-24 15:24:33', 1),
(448, '118.99.83.95', 'ardianita06@gmail.com', 6, '2023-03-24 15:37:55', 1),
(449, '182.2.68.169', 'ardianita06@gmail.com', 6, '2023-03-24 22:23:37', 1),
(450, '103.189.201.9', 'ardianita06@gmail.com', 6, '2023-03-25 02:01:53', 1),
(451, '103.189.201.9', 'ardianita06@gmail.com', 6, '2023-03-25 02:01:54', 1),
(452, '118.99.83.95', 'ardianita06@gmail.com', NULL, '2023-03-25 05:05:35', 0),
(453, '118.99.83.95', 'ardianita06@gmail.com', 6, '2023-03-25 05:05:46', 1),
(454, '182.2.68.169', 'ardianita06@gmail.com', 6, '2023-03-25 06:42:14', 1),
(455, '103.174.113.5', 'ardianita06@gmail.com', NULL, '2023-03-25 12:56:09', 0),
(456, '103.174.113.5', 'ardianita06@gmail.com', 6, '2023-03-25 12:56:25', 1),
(457, '182.253.217.171', 'ardianita06@gmail.com', 6, '2023-03-25 15:50:59', 1),
(458, '103.189.201.9', 'ardianita06@gmail.com', 6, '2023-03-26 04:08:55', 1),
(459, '182.2.68.169', 'ardianita06@gmail.com', 6, '2023-03-26 14:03:56', 1),
(460, '182.2.68.169', 'ardianita06@gmail.com', 6, '2023-03-26 15:30:57', 1),
(461, '103.174.113.5', 'ardianita06@gmail.com', 6, '2023-03-26 15:58:11', 1),
(462, '182.2.68.169', 'ardianita06@gmail.com', 6, '2023-03-26 16:33:36', 1),
(463, '103.189.201.9', 'ardianita06@gmail.com', 6, '2023-03-27 01:00:09', 1),
(464, '103.189.201.9', 'hanifarafi7@gmail.com', 3, '2023-03-27 01:15:20', 1),
(465, '103.189.201.9', 'ardianita06@gmail.com', 6, '2023-03-27 01:27:55', 1),
(466, '103.189.201.9', 'hanifarafi7@gmail.com', 3, '2023-03-27 01:32:12', 1),
(467, '103.189.201.9', 'hanifarafi7@gmail.com', 3, '2023-03-27 01:45:35', 1),
(468, '103.189.201.9', 'ardianita06@gmail.com', 6, '2023-03-27 01:47:37', 1),
(469, '103.189.201.9', 'ardianita06@gmail.com', 6, '2023-03-27 02:11:06', 1),
(470, '112.215.172.243', 'ardianita06@gmail.com', 6, '2023-03-27 02:33:21', 1),
(471, '103.189.201.9', 'ardianita06@gmail.com', 6, '2023-03-27 04:05:19', 1),
(472, '112.215.172.243', 'ardianita06@gmail.com', 6, '2023-03-27 04:20:59', 1),
(473, '140.213.44.67', 'ardianita06@gmail.com', 6, '2023-03-27 09:15:06', 1),
(474, '140.213.44.67', 'ardianita06@gmail.com', 6, '2023-03-27 09:26:17', 1),
(475, '112.215.241.201', 'ardianita06@gmail.com', 6, '2023-03-27 14:36:44', 1),
(476, '112.215.241.201', 'ardianita06@gmail.com', 6, '2023-03-27 16:23:40', 1),
(477, '140.213.161.83', 'ardianita06@gmail.com', 6, '2023-03-27 16:43:57', 1),
(478, '112.215.241.201', 'ardianita06@gmail.com', 6, '2023-03-27 17:30:17', 1),
(479, '103.189.201.9', 'ardianita06@gmail.com', 6, '2023-03-27 22:33:26', 1),
(480, '103.189.201.9', 'hanifarafi7@gmail.com', 3, '2023-03-27 23:03:05', 1),
(481, '140.213.161.83', 'ardianita06@gmail.com', 6, '2023-03-28 01:44:47', 1),
(482, '103.189.201.9', 'ardianita06@gmail.com', 6, '2023-03-28 03:58:09', 1),
(483, '103.189.201.9', 'hanifarafi7@gmail.com', 3, '2023-03-28 04:00:15', 1),
(484, '103.189.201.9', 'hanifarafi7@gmail.com', 3, '2023-03-28 05:09:25', 1),
(485, '103.189.201.9', 'ardianita06@gmail.com', 6, '2023-03-28 05:11:15', 1),
(486, '103.189.201.9', 'hanifarafi7@gmail.com', 3, '2023-03-28 05:13:44', 1),
(487, '103.189.201.9', 'ardianita06@gmail.com', 6, '2023-03-28 05:14:51', 1),
(488, '103.189.201.9', 'hanifarafi7@gmail.com', 3, '2023-03-28 05:15:12', 1),
(489, '103.189.201.9', 'hanifarafi7@gmail.com', NULL, '2023-03-28 05:42:03', 0),
(490, '103.189.201.9', 'hanifarafi7@gmail.com', 3, '2023-03-28 05:42:10', 1),
(491, '103.189.201.9', 'hanifarafi7@gmail.com', 3, '2023-03-28 08:44:44', 1),
(492, '103.189.201.9', 'hanifarafi7@gmail.com', 3, '2023-03-28 08:58:30', 1),
(493, '103.189.201.9', 'hanfiarafi7@gmail.com', NULL, '2023-03-28 09:12:32', 0),
(494, '103.189.201.9', 'hanfiarafi7@gmail.com', NULL, '2023-03-28 09:12:46', 0),
(495, '140.213.59.42', 'ardianita06@gmail.com', 6, '2023-03-28 15:06:44', 1),
(496, '103.189.201.9', 'hanifarafi7@gmail.com', 3, '2023-03-29 03:00:21', 1),
(497, '125.164.235.114', 'hanifarafi7@gmail.com', 3, '2023-03-29 08:12:25', 1),
(498, '125.164.235.114', 'ardianita06@gmail.com', 6, '2023-03-29 08:15:35', 1),
(499, '125.164.235.114', 'hanifarafi7@gmail.com', NULL, '2023-03-29 08:36:07', 0),
(500, '125.164.235.114', 'hanifarafi7@gmail.com', 3, '2023-03-29 08:36:16', 1),
(501, '125.164.235.114', 'hanifarafi7@gmail.com', 3, '2023-03-29 09:08:08', 1),
(502, '140.213.42.62', 'ardianita06@gmail.com', NULL, '2023-03-29 09:12:11', 0),
(503, '140.213.42.62', 'ardianita06@gmail.com', 6, '2023-03-29 09:12:23', 1),
(504, '125.164.235.114', 'ardianita06@gmail.com', 6, '2023-03-29 09:42:08', 1),
(505, '125.164.235.114', 'lindarahmawati011001@gmail.com', 7, '2023-03-29 09:49:07', 1),
(506, '140.213.48.242', 'ardianita06@gmail.com', 6, '2023-03-29 15:10:42', 1),
(507, '140.213.48.242', 'ardianita06@gmail.com', 6, '2023-03-29 15:10:43', 1),
(508, '112.215.172.158', 'ardianita06@gmail.com', 6, '2023-03-30 00:37:50', 1),
(509, '112.215.172.158', 'ardianita06@gmail.com', 6, '2023-03-30 01:58:38', 1),
(510, '125.164.232.165', 'ardianita06@gmail.com', 6, '2023-03-30 07:00:05', 1),
(511, '125.164.232.165', 'ardianita06@gmail.com', 6, '2023-03-30 08:24:10', 1),
(512, '103.189.201.9', 'ardianita06@gmail.com', 6, '2023-03-30 12:27:23', 1),
(513, '103.189.201.9', 'ardianita06@gmail.com', 6, '2023-03-30 12:32:51', 1),
(514, '103.189.201.9', 'hanifarafi7@gmail.com', 3, '2023-03-30 12:46:08', 1),
(515, '103.174.113.5', 'ardianita06@gmail.com', 6, '2023-03-30 13:05:11', 1),
(516, '103.189.201.9', 'hanifarafi7@gmail.com', 3, '2023-03-30 22:00:44', 1),
(517, '103.189.201.9', 'hanifarafi7@gmail.com', 3, '2023-03-30 22:03:49', 1),
(518, '103.189.201.9', 'ardianita06@gmail.com', 6, '2023-03-30 22:37:41', 1),
(519, '103.189.201.9', 'ardianita06@gmail.com', 6, '2023-03-31 00:15:04', 1),
(520, '103.189.201.9', 'ardianita06@gmail.com', 6, '2023-03-31 03:46:19', 1),
(521, '103.189.201.9', 'hanifarafi7@gmail.com', 3, '2023-03-31 05:50:57', 1),
(522, '103.189.201.9', 'ardianita06@gmail.com', 6, '2023-03-31 05:55:52', 1),
(523, '103.189.201.9', 'hanifarafi7@gmail.com', 3, '2023-03-31 07:42:31', 1),
(524, '103.189.201.9', 'ardianita06@gmail.com', 6, '2023-03-31 12:52:12', 1),
(525, '140.213.166.196', 'ardianita06@gmail.com', 6, '2023-03-31 13:57:01', 1),
(526, '140.213.166.196', 'ardianita06@gmail.com', 6, '2023-03-31 15:03:29', 1),
(527, '203.78.117.3', 'ardianita06@gmail.com', 6, '2023-03-31 15:16:05', 1),
(528, '203.78.117.3', 'hanifaja', NULL, '2023-03-31 15:50:18', 0),
(529, '203.78.117.3', 'Linda', NULL, '2023-03-31 15:55:51', 0),
(530, '203.78.117.3', 'Linda', NULL, '2023-03-31 15:56:04', 0),
(531, '203.78.117.3', 'ardianita06@gmail.com', 6, '2023-03-31 15:56:13', 1),
(532, '203.78.117.3', 'ardianita06@gmail.com', 6, '2023-03-31 16:57:31', 1),
(533, '103.189.201.9', 'ardianita06@gmail.com', 6, '2023-03-31 21:57:49', 1),
(534, '103.189.201.9', 'ardianita06@gmail.com', 6, '2023-03-31 22:02:12', 1),
(535, '103.189.201.9', 'ardianita06@gmail.com', 6, '2023-04-01 09:57:31', 1),
(536, '103.189.201.9', 'ardianita06@gmail.com', 6, '2023-04-01 12:14:57', 1),
(537, '103.189.201.9', 'hanifarafi7@gmail.com', 3, '2023-04-01 14:39:02', 1),
(538, '103.189.201.9', 'ardianita06@gmail.com', 6, '2023-04-01 14:39:42', 1),
(539, '140.213.175.29', 'ardianita06@gmail.com', 6, '2023-04-01 15:32:22', 1),
(540, '103.189.201.9', 'ardianita06@gmail.com', 6, '2023-04-01 22:11:30', 1),
(541, '140.213.57.23', 'ardianita06@gmail.com', 6, '2023-04-02 01:23:17', 1),
(542, '103.189.201.9', 'hanifarafi7@gmail.com', 3, '2023-04-02 03:43:40', 1),
(543, '103.189.201.9', 'ardianita06@gmail.com', 6, '2023-04-02 03:45:33', 1),
(544, '103.189.201.9', 'hanifarafi7@gmail.com', 3, '2023-04-02 03:46:06', 1),
(545, '103.189.201.9', 'hanfiarafi7@gmail.com', NULL, '2023-04-02 04:47:08', 0),
(546, '103.189.201.9', 'hanfiarafi7@gmail.com', NULL, '2023-04-02 04:47:16', 0),
(547, '103.189.201.9', 'hanifarafi7@gmail.com', 3, '2023-04-02 04:47:26', 1),
(548, '103.189.201.9', 'ardianita06@gmail.com', NULL, '2023-04-02 04:48:53', 0),
(549, '103.189.201.9', 'ardianita06@gmail.com', NULL, '2023-04-02 04:53:20', 0),
(550, '103.189.201.9', 'hanifarafi7@gmail.com', 3, '2023-04-02 05:29:52', 1),
(551, '103.189.201.9', 'hanfiarafi7@gmail.com', NULL, '2023-04-02 05:43:16', 0),
(552, '103.189.201.9', 'hanifarafi7@gmail.com', 3, '2023-04-02 05:43:26', 1),
(553, '103.189.201.9', 'ardianita06@gmail.com', NULL, '2023-04-02 05:44:43', 0),
(554, '103.189.201.9', 'ardianita06@gmail.com', 6, '2023-04-02 05:45:00', 1),
(555, '140.213.57.23', 'ardianita06@gmail.com', 6, '2023-04-02 06:30:03', 1),
(556, '114.5.223.10', 'hanifarafi7@gmail.com', 3, '2023-04-02 13:57:42', 1),
(557, '103.189.201.9', 'ardianita06@gmail.com', 6, '2023-04-03 01:45:03', 1),
(558, '103.189.201.9', 'ardianita06@gmail.com', 6, '2023-04-03 02:01:47', 1),
(559, '103.189.201.9', 'hanifarafi7@gmail.com', 3, '2023-04-03 02:14:39', 1),
(560, '103.189.201.9', 'ardianita06@gmail.com', 6, '2023-04-03 02:15:08', 1),
(561, '103.174.113.5', 'ardianita06@gmail.com', 6, '2023-04-03 02:48:49', 1),
(562, '103.189.201.9', 'ardianita06@gmail.com', 6, '2023-04-03 04:56:50', 1),
(563, '103.189.201.9', 'ardianita06@gmail.com', 6, '2023-04-03 04:56:50', 1),
(564, '103.189.201.9', 'ardianita06@gmail.com', 6, '2023-04-03 05:58:58', 1),
(565, '103.189.201.9', 'hanifarafi7@gmail.com', 3, '2023-04-03 07:24:49', 1),
(566, '103.189.201.9', 'hanifarafi7@gmail.com', 3, '2023-04-03 07:24:53', 1),
(567, '103.189.201.9', 'hanifarafi7@gmail.com', 3, '2023-04-03 07:24:55', 1),
(568, '103.189.201.9', 'hanifarafi7@gmail.com', 3, '2023-04-03 07:24:55', 1),
(569, '103.189.201.9', 'hanifarafi7@gmail.com', 3, '2023-04-03 07:24:57', 1),
(570, '103.174.113.5', 'hanifarafi7', NULL, '2023-04-03 07:29:09', 0),
(571, '103.189.201.9', 'hanifarafi7@gmail.com', 3, '2023-04-03 07:33:19', 1),
(572, '103.189.201.9', 'ardianita06@gmail.com', 6, '2023-04-03 07:55:35', 1),
(573, '112.215.244.167', 'ardianita06@gmail.com', 6, '2023-04-03 07:59:25', 1),
(574, '112.215.244.167', 'ardianita06@gmail.com', 6, '2023-04-03 07:59:25', 1),
(575, '112.215.244.167', 'ardianita06@gmail.com', 6, '2023-04-03 07:59:27', 1),
(576, '112.215.244.167', 'ardianita06@gmail.com', 6, '2023-04-03 07:59:28', 1),
(577, '112.215.244.167', 'ardianita06@gmail.com', 6, '2023-04-03 07:59:30', 1),
(578, '103.189.201.9', 'kreshna@gmail.com', NULL, '2023-04-03 08:41:40', 0),
(579, '103.189.201.9', 'kreshna@gmail.com', NULL, '2023-04-03 08:42:23', 0),
(580, '103.189.201.9', 'kreshna1', NULL, '2023-04-03 08:42:36', 0),
(581, '103.189.201.9', 'kreshna@gmail.com', NULL, '2023-04-03 08:43:44', 0),
(582, '103.189.201.9', 'hanifarafi7@gmail.com', 3, '2023-04-03 08:43:51', 1),
(583, '103.189.201.9', 'ardianita06@gmail.com', 6, '2023-04-03 08:44:15', 1),
(584, '103.189.201.9', 'kreshna1', NULL, '2023-04-03 08:45:41', 0),
(585, '103.189.201.9', 'kreshna@gmail.com', NULL, '2023-04-03 08:45:48', 0),
(586, '103.189.201.9', 'muhammadhanifarafi@gmail.com', 8, '2023-04-03 08:48:26', 1),
(587, '103.189.201.9', 'ardianita06@gmail.com', 6, '2023-04-03 09:04:49', 1),
(588, '103.189.201.9', 'kreshna@gmail.com', NULL, '2023-04-03 09:13:38', 0),
(589, '103.189.201.9', 'kreshna@gmail.com', NULL, '2023-04-03 09:13:41', 0),
(590, '103.189.201.9', 'kreshna@gmail.com', NULL, '2023-04-03 09:13:46', 0),
(591, '103.189.201.9', 'kreshna@gmail.com', NULL, '2023-04-03 09:13:47', 0),
(592, '103.189.201.9', 'kreshna@gmail.com', NULL, '2023-04-03 09:14:09', 0),
(593, '103.189.201.9', 'kreshna1', NULL, '2023-04-03 09:15:11', 0),
(594, '103.189.201.9', 'muhammadhanifarafi@gmail.com', NULL, '2023-04-03 09:16:06', 0),
(595, '103.189.201.9', 'muhammadhanifarafi@gmail.com', 11, '2023-04-03 09:17:11', 1),
(596, '103.189.201.9', 'ardianita06@gmail.com', 6, '2023-04-03 09:21:15', 1),
(597, '103.189.201.9', 'kreshna@gmail.com', NULL, '2023-04-03 09:22:01', 0),
(598, '103.189.201.9', 'hanifarafi7@gmail.com', 3, '2023-04-03 09:23:03', 1),
(599, '103.189.201.9', 'kreshna@gmail.com', 12, '2023-04-03 09:23:32', 1),
(600, '103.189.201.9', 'ardianita06@gmail.com', 6, '2023-04-03 09:30:08', 1),
(601, '103.189.201.9', 'kreshna@gmail.com', NULL, '2023-04-03 09:32:25', 0),
(602, '103.189.201.9', 'kresna256@gmail.com', NULL, '2023-04-03 09:33:52', 0),
(603, '103.189.201.9', 'kresna256@gmail.com', NULL, '2023-04-03 09:34:33', 0),
(604, '103.189.201.9', 'ardianita06@gmail.com', 6, '2023-04-03 09:35:02', 1),
(605, '103.189.201.9', 'kresna256@gmail.com', NULL, '2023-04-03 09:36:39', 0),
(606, '103.189.201.9', 'kresna256@gmail.com', NULL, '2023-04-03 09:39:17', 0),
(607, '103.189.201.9', 'kresna256@gmail.com', NULL, '2023-04-03 09:40:44', 0),
(608, '103.189.201.9', 'kresna256@gmail.com', NULL, '2023-04-03 09:40:59', 0),
(609, '103.189.201.9', 'kresna256@gmail.com', NULL, '2023-04-03 09:41:00', 0),
(610, '103.189.201.9', 'ardianita06@gmail.com', 6, '2023-04-03 09:42:38', 1),
(611, '103.189.201.9', 'ardianita06@gmail.com', 6, '2023-04-03 09:43:32', 1),
(612, '103.189.201.9', 'kresna256@gmail.com', NULL, '2023-04-03 09:44:58', 0),
(613, '103.189.201.9', 'kresna256@gmail.com', NULL, '2023-04-03 09:45:17', 0),
(614, '103.189.201.9', 'kresna256@gmail.com', NULL, '2023-04-03 09:45:58', 0),
(615, '103.189.201.9', 'kresna256@gmail.com', NULL, '2023-04-03 09:47:02', 0),
(616, '103.189.201.9', 'kresna256@gmail.com', NULL, '2023-04-03 09:50:52', 0),
(617, '103.189.201.9', 'muhammadhanifarafi@gmail.com', 14, '2023-04-03 09:51:12', 1),
(618, '103.174.113.5', 'ardianita06@gmail.com', 6, '2023-04-03 13:22:34', 1),
(619, '103.174.113.5', 'ardianita06@gmail.com', 6, '2023-04-03 13:56:31', 1),
(620, '103.174.113.5', 'ardianita06@gmail.com', 6, '2023-04-03 14:56:07', 1),
(621, '103.174.113.5', 'ardianita06@gmail.com', 6, '2023-04-03 23:41:04', 1),
(622, '103.189.201.9', 'hanifarafi7@gmail.com', 3, '2023-04-04 09:17:45', 1),
(623, '103.189.201.9', 'ardianita06@gmail.com', 6, '2023-04-04 09:18:54', 1),
(624, '103.189.201.9', 'muhammadyeikoakbar@student.uns.ac.id', NULL, '2023-04-04 09:21:25', 0),
(625, '103.189.201.9', 'yeikoakbar01', NULL, '2023-04-04 09:22:12', 0),
(626, '103.189.201.9', 'ardianita06@gmail.com', 6, '2023-04-04 09:27:06', 1),
(627, '103.189.201.9', 'muhammadyeikoakbar@gmail.com', NULL, '2023-04-04 09:28:24', 0),
(628, '103.189.201.9', 'kresna1', NULL, '2023-04-04 09:29:14', 0),
(629, '103.189.201.9', 'muhammadhanifarafi@gmail.com', 14, '2023-04-04 09:29:27', 1),
(630, '103.189.201.9', 'muhammadyeikoakbar@gmail.com', 16, '2023-04-04 09:29:42', 1),
(631, '103.189.201.9', 'ardianita06@gmail.com', 6, '2023-04-04 09:37:22', 1),
(632, '103.189.201.9', 'muhammadyeikoakbar@gmail.com', NULL, '2023-04-04 09:40:07', 0),
(633, '103.189.201.9', 'muhammadyeikoakbar@gmail.com', NULL, '2023-04-04 09:41:21', 0),
(634, '103.189.201.9', 'ardianita06@gmail.com', 6, '2023-04-04 09:45:15', 1),
(635, '103.189.201.9', 'muhammadyeikoakbar@gmail.com', NULL, '2023-04-04 09:48:11', 0),
(636, '103.189.201.9', 'muhammadyeikoakbar@gmail.com', NULL, '2023-04-04 09:48:37', 0),
(637, '103.189.201.9', 'muhammadyeikoakbar@gmail.com', NULL, '2023-04-04 09:50:40', 0),
(638, '103.189.201.9', 'muhammadyeikoakbar@gmail.com', 17, '2023-04-04 09:51:04', 1),
(639, '103.189.201.9', 'ardianita06@gmail.com', 6, '2023-04-04 10:10:52', 1),
(640, '118.99.83.92', 'ardianita06@gmail.com', 6, '2023-04-04 10:18:12', 1),
(641, '103.189.201.9', 'hanifarafi7@gmail.com', NULL, '2023-04-04 10:28:22', 0),
(642, '103.189.201.9', 'hanifarafi7@gmail.com', NULL, '2023-04-04 10:28:26', 0),
(643, '103.189.201.9', 'hanifarafi7@gmail.com', 3, '2023-04-04 10:28:37', 1),
(644, '103.189.201.9', 'ardianita06@gmail.com', NULL, '2023-04-04 10:36:05', 0),
(645, '103.189.201.9', 'ardianita06@gmail.com', 6, '2023-04-04 10:36:14', 1),
(646, '103.189.201.9', 'hanifarafi7@gmail.com', 3, '2023-04-04 10:39:58', 1),
(647, '118.99.83.92', 'ardianita06@gmail.com', 6, '2023-04-04 12:32:44', 1),
(648, '125.164.233.77', 'ardianita06@gmail.com', 6, '2023-04-04 13:26:41', 1),
(649, '112.215.240.122', 'hanifarafi7', NULL, '2023-04-04 13:38:19', 0),
(650, '112.215.240.122', 'ardianita06@gmail.com', 6, '2023-04-04 13:39:13', 1),
(651, '125.164.233.77', 'ardianita06@gmail.com', 6, '2023-04-04 14:19:18', 1),
(652, '120.188.81.153', 'hanifarafi7@gmail.com', NULL, '2023-04-04 15:05:21', 0),
(653, '103.174.113.5', 'ardianita06@gmail.com', 6, '2023-04-04 18:18:26', 1),
(654, '112.215.153.188', 'ardianita06@gmail.com', 6, '2023-04-04 22:08:15', 1),
(655, '112.215.153.188', 'ardianita06@gmail.com', 6, '2023-04-04 23:31:24', 1),
(656, '125.164.233.77', 'ardianita06@gmail.com', NULL, '2023-04-05 13:49:00', 0);
INSERT INTO `auth_logins` (`id`, `ip_address`, `email`, `user_id`, `date`, `success`) VALUES
(657, '125.164.233.77', 'ardianita06@gmail.com', 6, '2023-04-05 13:49:29', 1),
(658, '125.164.233.77', 'ardianita06@gmail.com', 6, '2023-04-05 14:33:37', 1),
(659, '125.164.233.77', 'ardianita06@gmail.com', 6, '2023-04-05 14:55:57', 1),
(660, '125.164.233.77', 'ardianita06@gmail.com', 6, '2023-04-05 15:47:29', 1),
(661, '125.164.232.29', 'hanifarafi7@gmail.com', NULL, '2023-04-05 18:58:08', 0),
(662, '125.164.232.29', 'hanifarafi7@gmail.com', 3, '2023-04-05 18:58:19', 1),
(663, '125.164.232.29', 'hanifarafi7@gmail.com', 3, '2023-04-05 19:32:54', 1),
(664, '125.164.232.29', 'ardianita06@gmail.com', 6, '2023-04-05 20:18:52', 1),
(665, '140.213.42.250', 'ardianita06@gmail.com', 6, '2023-04-05 20:32:42', 1),
(666, '140.213.42.250', 'ardianita06@gmail.com', 6, '2023-04-05 22:15:04', 1),
(667, '140.213.42.50', 'ardianita06@gmail.com', 6, '2023-04-06 02:07:43', 1),
(668, '103.189.201.9', 'ardianita06@gmail.com', 6, '2023-04-06 04:40:55', 1),
(669, '103.189.201.9', 'ardianita06@gmail.com', 6, '2023-04-06 04:51:19', 1),
(670, '103.189.201.9', 'ardianita06@gmail.com', 6, '2023-04-06 09:54:00', 1),
(671, '112.78.133.154', 'ardianita06@gmail.com', 6, '2023-04-06 10:11:45', 1),
(672, '114.4.220.110', 'hanifarafi7@gmail.com', 3, '2023-04-06 12:49:26', 1),
(673, '114.4.220.110', 'hanifarafi7@gmail.com', 3, '2023-04-06 12:49:28', 1),
(674, '114.4.220.110', 'ardianita06@gmail.com', 6, '2023-04-06 12:51:11', 1),
(675, '120.188.77.141', 'hanifarafi7@gmail.com', NULL, '2023-04-06 12:59:23', 0),
(676, '120.188.77.141', 'hanifarafi7@gmail.com', NULL, '2023-04-06 12:59:48', 0),
(677, '125.164.232.102', 'ardianita06@gmail.com', 6, '2023-04-06 13:00:26', 1),
(678, '125.164.232.102', 'ardianita06@gmail.com', 6, '2023-04-06 13:00:33', 1),
(679, '125.164.232.102', 'muhammadhanifarafi@student.uns.ac.id', 23, '2023-04-06 13:08:41', 1),
(680, '125.164.232.102', 'ardianita06@gmail.com', 6, '2023-04-06 13:17:19', 1),
(681, '125.164.232.102', 'ardianita06@gmail.com', 6, '2023-04-06 15:00:59', 1),
(682, '103.189.201.9', 'ardianita06@gmail.com', 6, '2023-04-06 16:40:29', 1),
(683, '103.189.201.9', 'ardianita06@gmail.com', 6, '2023-04-06 18:36:09', 1),
(684, '103.189.201.9', 'hanifarafi7@gmail.com', 3, '2023-04-06 19:34:35', 1),
(685, '103.189.201.9', 'hanifarafi7@gmail.com', 3, '2023-04-06 19:34:38', 1),
(686, '103.189.201.9', 'ardianita06@gmail.com', 6, '2023-04-06 19:37:08', 1),
(687, '103.174.113.5', 'admin@admin.com', NULL, '2023-04-06 20:46:35', 0),
(688, '103.174.113.5', 'ardianita06@gmail.com', 6, '2023-04-06 20:46:49', 1),
(689, '103.189.201.9', 'ardianita06@gmail.com', 6, '2023-04-06 21:39:12', 1),
(690, '103.174.113.5', 'ardianita06@gmail.com', 6, '2023-04-06 21:47:51', 1),
(691, '103.189.201.9', 'ardianita06@gmail.com', 6, '2023-04-06 22:38:51', 1),
(692, '112.215.244.192', 'ardianita06@gmail.com', 6, '2023-04-07 09:07:52', 1),
(693, '112.215.244.192', 'ardianita06@gmail.com', 6, '2023-04-07 09:07:54', 1),
(694, '112.215.244.192', 'ardianita06@gmail.com', 6, '2023-04-07 10:17:04', 1),
(695, '103.189.201.9', 'lindarahmawati011001@gmail.com', 7, '2023-04-07 10:56:48', 1),
(696, '103.189.201.9', 'ardianita06@gmail.com', 6, '2023-04-07 10:59:44', 1),
(697, '103.189.201.9', 'ardianita06@gmail.com', 6, '2023-04-07 10:59:47', 1),
(698, '103.189.201.9', 'ardianita06@gmail.com', 6, '2023-04-07 10:59:48', 1),
(699, '103.189.201.9', 'ardianita06@gmail.com', 6, '2023-04-07 10:59:50', 1),
(700, '103.189.201.9', 'ardianita06@gmail.com', 6, '2023-04-07 10:59:51', 1),
(701, '112.215.244.192', 'ardianita06@gmail.com', 6, '2023-04-07 11:31:24', 1),
(702, '103.189.201.9', 'ardianita06@gmail.com', 6, '2023-04-07 11:40:44', 1),
(703, '103.189.201.9', 'ardianita06@gmail.com', 6, '2023-04-07 13:03:55', 1),
(704, '103.189.201.9', 'ardianita06@gmail.com', 6, '2023-04-07 14:07:50', 1),
(705, '103.189.201.9', 'ardianita06@gmail.com', 6, '2023-04-07 15:12:49', 1),
(706, '103.189.201.9', 'ardianita06@gmail.com', 6, '2023-04-07 15:48:05', 1),
(707, '140.213.56.233', 'ardianita06@gmail.com', 6, '2023-04-08 22:23:54', 1),
(708, '140.213.56.233', 'lindarahmawati011001@gmail.com', 7, '2023-04-08 23:34:19', 1),
(709, '103.189.201.9', 'ardianita06@gmail.com', 6, '2023-04-09 06:13:25', 1),
(710, '103.189.201.9', 'ardianita06@gmail.com', 6, '2023-04-09 08:33:30', 1),
(711, '103.189.201.9', 'lindarahmawati011001@gmail.com', 7, '2023-04-09 10:02:22', 1),
(712, '103.189.201.9', 'ardianita06@gmail.com', 6, '2023-04-09 10:06:05', 1),
(713, '120.188.72.33', 'ardianita06@gmail.com', 6, '2023-04-09 10:19:38', 1),
(714, '140.213.56.233', 'ardianita06@gmail.com', 6, '2023-04-09 10:19:38', 1),
(715, '103.189.201.9', 'hanifarafi7@gmail.com', 3, '2023-04-09 18:51:29', 1),
(716, '103.189.201.9', ' ardianita06@gmail.com', NULL, '2023-04-09 19:36:57', 0),
(717, '103.189.201.9', 'ardianita06@gmail.com', NULL, '2023-04-09 19:37:13', 0),
(718, '103.189.201.9', 'ardianita06@gmail.com', 6, '2023-04-09 19:37:27', 1),
(719, '125.164.234.119', 'ardianita06@gmail.com', 6, '2023-04-09 20:40:32', 1),
(720, '140.213.58.239', 'ardianita06@gmail.com', 6, '2023-04-09 21:23:28', 1),
(721, '140.213.58.239', 'ardianita06@gmail.com', 6, '2023-04-09 21:24:14', 1),
(722, '103.189.201.9', 'ardianita06@gmail.com', 6, '2023-04-10 06:27:24', 1),
(723, '103.189.201.9', 'hanifarafi7@gmail.com', NULL, '2023-04-10 06:29:00', 0),
(724, '103.189.201.9', 'lindarahmawati011001@gmail.com', 7, '2023-04-10 06:29:14', 1),
(725, '103.189.201.9', 'ardianita06@gmail.com', 6, '2023-04-10 08:04:06', 1),
(726, '103.189.201.9', 'hanifarafi7@gmail.com', 3, '2023-04-10 09:20:52', 1),
(727, '103.189.201.9', 'hanifarafi7@gmail.com', 3, '2023-04-10 09:20:58', 1),
(728, '103.189.201.9', 'hanifarafi7@gmail.com', 3, '2023-04-10 09:20:59', 1),
(729, '118.99.83.92', 'ardianita06@gmail.com', 6, '2023-04-10 12:11:47', 1),
(730, '125.164.232.102', 'ardianita06@gmail.com', 6, '2023-04-10 13:14:32', 1),
(731, '125.164.232.102', 'hanifarafi7@gmail.com', 3, '2023-04-10 13:24:19', 1),
(732, '103.189.201.9', 'ardianita06@gmail.com', 6, '2023-04-10 14:48:37', 1),
(733, '103.189.201.9', 'ardianita06@gmail.com', 6, '2023-04-10 14:48:39', 1),
(734, '103.189.201.9', 'hanifarafi7@gmail.com', NULL, '2023-04-10 14:59:26', 0),
(735, '103.189.201.9', 'ardianita06@gmail.com', 6, '2023-04-10 14:59:42', 1),
(736, '112.78.133.154', 'ardianita06@gmail.com', 6, '2023-04-10 15:53:39', 1),
(737, '112.78.133.154', 'ardianita06@gmail.com', 6, '2023-04-10 16:17:58', 1),
(738, '103.189.201.9', 'ardianita06@gmail.com', 6, '2023-04-10 19:46:27', 1),
(739, '103.189.201.9', 'ardianita06@gmail.com', 6, '2023-04-10 19:46:29', 1),
(740, '103.189.201.9', 'ardianita06@gmail.com', 6, '2023-04-10 19:46:30', 1),
(741, '103.174.113.15', 'ardianita06@gmail.com', 6, '2023-04-10 21:26:52', 1),
(742, '103.189.201.9', 'ardianita06@gmail.com', NULL, '2023-04-10 21:32:56', 0),
(743, '140.213.56.97', 'ardianita06@gmail.com', 6, '2023-04-10 21:40:20', 1),
(744, '103.189.201.9', 'ardianita06@gmail.com', 6, '2023-04-10 21:49:57', 1),
(745, '103.189.201.9', 'ardianita06@gmail.com', NULL, '2023-04-10 22:48:41', 0),
(746, '103.189.201.9', 'hanfiarafi7@gmail.com', NULL, '2023-04-10 22:48:53', 0),
(747, '103.189.201.9', 'hanfiarafi7@gmail.com', NULL, '2023-04-10 22:49:47', 0),
(748, '103.189.201.9', 'hanifarafi7@gmail.com', 3, '2023-04-10 22:50:03', 1),
(749, '125.164.235.240', 'ardianita06@gmail.com', 6, '2023-04-11 02:34:36', 1),
(750, '103.189.201.9', 'ardianita06@gmail.com', 6, '2023-04-11 07:26:17', 1),
(751, '103.189.201.9', 'lindarahmawati011001@gmail.com', 7, '2023-04-11 08:26:59', 1),
(752, '103.189.201.9', 'ardianita06@gmail.com', 6, '2023-04-11 08:28:17', 1),
(753, '103.189.201.9', 'lindarahmawati011001@gmail.com', 7, '2023-04-11 08:28:43', 1),
(754, '112.215.240.231', 'ardianita06@gmail.com', 6, '2023-04-11 08:45:22', 1),
(755, '112.215.240.231', 'lindarahmawati011001@gmail.com', 7, '2023-04-11 08:46:30', 1),
(756, '103.189.201.9', 'hanifarafi7@gmail.com', 3, '2023-04-11 09:12:24', 1),
(757, '103.189.201.9', 'hanifarafi7@gmail.com', 3, '2023-04-11 09:14:59', 1),
(758, '103.189.201.9', 'hanifarafi7@gmail.com', 3, '2023-04-11 09:17:23', 1),
(759, '103.189.201.9', 'hanifarafi7@gmail.com', 3, '2023-04-11 09:18:28', 1),
(760, '103.189.201.9', 'ardianita06@gmail.com', 6, '2023-04-11 09:18:57', 1),
(761, '103.189.201.9', 'lindarahmawati011001@gmail.com', 7, '2023-04-11 09:19:10', 1),
(762, '103.189.201.9', 'hanifarafi7@gmail.com', 3, '2023-04-11 10:01:59', 1),
(763, '103.189.201.9', 'lindarahmawati011001@gmail.com', 7, '2023-04-11 10:02:31', 1),
(764, '103.189.201.9', 'hanifarafi7@gmail.com', 3, '2023-04-11 10:35:13', 1),
(765, '112.215.240.231', 'lindarahmawati011001@gmail.com', 7, '2023-04-11 10:36:20', 1),
(766, '103.189.201.9', 'hanifarafi7@gmail.com', 3, '2023-04-11 10:37:42', 1),
(767, '103.189.201.9', 'lindarahmawati011001@gmail.com', 7, '2023-04-11 10:38:57', 1),
(768, '103.189.201.9', 'hanifarafi7@gmail.com', 3, '2023-04-11 10:40:22', 1),
(769, '103.189.201.9', 'ardianita06@gmail.com', 6, '2023-04-11 10:41:38', 1),
(770, '103.189.201.9', 'lindarahmawati011001@gmail.com', 7, '2023-04-11 10:42:13', 1),
(771, '103.189.201.9', 'ardianita06@gmail.com', 6, '2023-04-11 10:54:13', 1),
(772, '103.174.113.15', 'ardianita06@gmail.com', 6, '2023-04-11 10:55:06', 1),
(773, '103.189.201.9', 'hanifarafi7@gmail.com', 3, '2023-04-11 13:35:15', 1),
(774, '103.189.201.9', 'lindarahmawati011001@gmail.com', 7, '2023-04-11 13:39:51', 1),
(775, '103.189.201.9', 'ardianita06@gmail.com', 6, '2023-04-11 13:40:30', 1),
(776, '103.189.201.9', 'ardianita06@gmail.com', 6, '2023-04-11 13:40:30', 1),
(777, '103.189.201.9', 'hanifarafi7@gmail.com', 3, '2023-04-11 13:40:45', 1),
(778, '103.189.201.9', 'hanifarafi7@gmail.com', 3, '2023-04-11 13:42:43', 1),
(779, '103.189.201.9', 'lindarahmawati011001@gmail.com', 7, '2023-04-11 13:51:22', 1),
(780, '103.189.201.9', 'muhammadhanifarafi@student.uns.ac.id', NULL, '2023-04-11 14:05:20', 0),
(781, '103.189.201.9', 'muhammadhanifarafi@student.uns.ac.id', NULL, '2023-04-11 14:05:31', 0),
(782, '103.189.201.9', 'hanifarafi7@gmail.com', 23, '2023-04-11 14:07:11', 1),
(783, '103.189.201.9', 'ardianita06@gmail.com', 6, '2023-04-11 14:15:34', 1),
(784, '103.189.201.9', 'hanifarafi7@gmail.com', 3, '2023-04-11 14:16:11', 1),
(785, '103.189.201.9', 'muhammadhanifarafi@student.uns.ac.id', 23, '2023-04-11 14:19:09', 1),
(786, '103.189.201.9', 'muhammadhanifarafi@gmail.com', NULL, '2023-04-11 14:32:08', 0),
(787, '103.189.201.9', 'muhammadhanifarafi@gmail.com', 14, '2023-04-11 14:33:19', 1),
(788, '103.189.201.9', 'muhammadhanifarafi@student.uns.ac.id', 23, '2023-04-11 14:33:54', 1),
(789, '103.189.201.9', 'hanifarafi7@gmail.com', 3, '2023-04-11 14:34:40', 1),
(790, '114.5.241.137', 'hanfiarafi7@gmail.com', NULL, '2023-04-11 17:24:46', 0),
(791, '114.5.241.137', 'hanfiarafi7@gmail.com', NULL, '2023-04-11 17:24:48', 0),
(792, '114.5.241.137', 'hanifarafi7@gmail.com', 3, '2023-04-11 17:25:45', 1),
(793, '114.5.241.137', 'hanifarafi7@gmail.com', 3, '2023-04-11 17:25:46', 1),
(794, '114.5.241.137', 'hanifarafi7@gmail.com', 3, '2023-04-11 17:25:47', 1),
(795, '114.5.241.137', 'hanifarafi7@gmail.com', 3, '2023-04-11 17:25:49', 1),
(796, '114.5.241.137', 'ardianita06@gmail.com', 6, '2023-04-11 18:19:51', 1),
(797, '114.5.241.137', 'ardianita06@gmail.com', 6, '2023-04-11 18:19:53', 1),
(798, '114.5.241.137', 'hanifarafi7@gmail.com', 3, '2023-04-11 18:21:09', 1),
(799, '114.5.241.137', 'muhammadhanifarafi@student.uns.ac.id', 23, '2023-04-11 18:21:23', 1),
(800, '114.5.241.137', 'hanifarafi7@gmail.com', 3, '2023-04-11 18:36:16', 1),
(801, '114.5.241.137', 'muhammadhanifarafi@student.uns.ac.id', 23, '2023-04-11 18:36:30', 1),
(802, '114.5.241.137', 'hanifarafi7@gmail.com', 3, '2023-04-11 19:11:51', 1),
(803, '112.215.173.105', 'ardianita06@gmail.com', 6, '2023-04-11 22:35:07', 1),
(804, '125.164.235.240', 'ardianita06@gmail.com', 6, '2023-04-12 02:04:30', 1),
(805, '125.164.235.240', 'ardianita06@gmail.com', 6, '2023-04-12 04:14:29', 1),
(806, '103.171.147.90', 'hanifarafi7@gmail.com', 3, '2023-04-12 15:01:03', 1),
(807, '103.171.147.90', 'hanifarafi7@gmail.com', 3, '2023-04-12 15:01:04', 1),
(808, '103.171.147.90', 'lindarahmawati011001@gmail.com', 7, '2023-04-12 15:04:23', 1),
(809, '103.171.147.90', 'muhammadhanifarafi@student.uns.ac.id', 23, '2023-04-12 15:05:21', 1),
(810, '140.213.40.146', 'ardianita06@gmail.com', 6, '2023-04-12 21:37:44', 1),
(811, '112.78.133.154', 'ardianita06@gmail.com', 6, '2023-04-12 21:49:48', 1),
(812, '103.160.184.12', 'ardianita06@gmail.com', 6, '2023-04-12 21:50:09', 1),
(813, '103.160.184.12', 'ardianita06@gmail.com', 6, '2023-04-12 21:56:44', 1),
(814, '103.160.184.12', 'ardianita06@gmail.com', 6, '2023-04-12 21:59:31', 1),
(815, '103.160.184.12', 'ardianita06@gmail.com', 6, '2023-04-12 22:03:32', 1),
(816, '112.78.133.154', 'ardianita06@gmail.com', NULL, '2023-04-12 22:04:54', 0),
(817, '112.78.133.154', 'ardianita06@gmail.com', 6, '2023-04-12 22:05:01', 1),
(818, '125.164.235.240', 'ardianita06@gmail.com', 6, '2023-04-12 22:06:12', 1),
(819, '103.160.184.12', 'ardianita06@gmail.com', NULL, '2023-04-12 22:42:03', 0),
(820, '103.160.184.12', 'ardianita06@gmail.com', 6, '2023-04-12 22:42:12', 1),
(821, '112.78.133.154', 'ardianita06@gmail.com', 6, '2023-04-12 22:52:37', 1),
(822, '140.213.40.146', 'Linda', NULL, '2023-04-12 23:47:20', 0),
(823, '140.213.40.146', 'ardianita06@gmail.com', 6, '2023-04-12 23:47:42', 1),
(824, '112.215.237.91', 'ardianita06@gmail.com', 6, '2023-04-13 00:26:47', 1),
(825, '112.215.237.91', 'lindarahmawati011001@gmail.com', 7, '2023-04-13 00:30:44', 1),
(826, '112.215.237.91', 'lindarahmawati011001@gmail.com', 7, '2023-04-13 02:06:28', 1),
(827, '112.215.237.91', 'ardianita06@gmail.com', 6, '2023-04-13 02:43:33', 1),
(828, '112.215.237.91', 'lindarahmawati011001@gmail.com', 7, '2023-04-13 03:04:46', 1),
(829, '112.215.237.91', 'lindarahmawati011001@gmail.com', 7, '2023-04-13 05:42:53', 1),
(830, '112.215.237.91', 'lindarahmawati011001@gmail.com', 7, '2023-04-13 06:46:06', 1),
(831, '112.215.237.91', 'ardianita06@gmail.com', 6, '2023-04-13 07:04:25', 1),
(832, '112.215.237.91', 'nita123', NULL, '2023-04-13 07:07:07', 0),
(833, '112.215.237.91', 'nita123', NULL, '2023-04-13 07:07:20', 0),
(834, '112.215.237.91', 'nita123', NULL, '2023-04-13 07:08:05', 0),
(835, '112.215.237.91', 'nita123', NULL, '2023-04-13 07:08:39', 0),
(836, '112.215.237.91', 'ardianitafzyh@gmail.com', 28, '2023-04-13 07:11:26', 1),
(837, '112.215.237.91', 'lindarahmawati011001@gmail.com', 7, '2023-04-13 07:17:22', 1),
(838, '103.171.147.90', 'hanifarafi7@gmail.com', 3, '2023-04-13 08:45:19', 1),
(839, '103.171.147.90', 'hanifarafi7@gmail.com', 3, '2023-04-13 08:45:22', 1),
(840, '103.171.147.90', 'hanifarafi7@gmail.com', 3, '2023-04-13 08:45:22', 1),
(841, '103.171.147.90', 'ardianita06@gmail.com', 6, '2023-04-13 08:46:27', 1),
(842, '103.171.147.90', 'muhammadhanifarafi@student.uns.ac.id', 23, '2023-04-13 08:49:38', 1),
(843, '103.171.147.90', 'ardianita06@gmail.com', 6, '2023-04-13 08:55:42', 1),
(844, '103.171.147.90', 'hanifarafi7@gmail.com', 3, '2023-04-13 09:23:48', 1),
(845, '103.171.147.90', 'ardianita06@gmail.com', 6, '2023-04-13 09:27:42', 1),
(846, '103.171.147.90', 'hanifarafi7@gmail.com', 3, '2023-04-13 10:21:14', 1),
(847, '112.215.153.129', 'ardianita06@gmail.com', 6, '2023-04-13 10:27:31', 1),
(848, '103.171.147.90', 'ardianita06@gmail.com', 6, '2023-04-13 10:45:29', 1),
(849, '112.215.153.129', 'ardianita06@gmail.com', 6, '2023-04-13 10:51:51', 1),
(850, '103.171.147.90', 'yeikoakbar@gmail.com', NULL, '2023-04-13 11:12:35', 0),
(851, '103.171.147.90', 'muhammadhanifarafi@gmail.com', 29, '2023-04-13 11:14:14', 1),
(852, '103.171.147.90', 'ardianita06@gmail.com', 6, '2023-04-13 11:14:59', 1),
(853, '103.171.147.90', 'muhammadhanifarafi@student.uns.ac.id', 23, '2023-04-13 11:15:43', 1),
(854, '103.171.147.90', 'muhammadhanifarafi@gmail.com', 29, '2023-04-13 11:20:01', 1),
(855, '103.171.147.90', 'ardianita06@gmail.com', 6, '2023-04-13 11:22:19', 1),
(856, '103.171.147.90', 'muhammadhanifarafi@student.uns.ac.id', 23, '2023-04-13 11:22:36', 1),
(857, '103.171.147.90', 'hanifarafi7@gmail.com', 3, '2023-04-13 11:29:27', 1),
(858, '103.171.147.90', 'hanifarafi7@gmail.com', 3, '2023-04-13 11:35:15', 1),
(859, '103.171.147.90', 'hanifarafi7@gmail.com', 3, '2023-04-13 11:35:17', 1),
(860, '103.171.147.66', 'ardianita06@gmail.com', NULL, '2023-04-13 14:05:01', 0),
(861, '103.171.147.66', 'ardianita06@gmail.com', 6, '2023-04-13 14:05:14', 1),
(862, '103.160.184.12', 'ardianita06@gmail.com', 6, '2023-04-13 15:08:33', 1),
(863, '103.171.147.66', 'ardianita06@gmail.com', NULL, '2023-04-13 15:35:43', 0),
(864, '103.171.147.66', 'ardianita06@gmail.com', 6, '2023-04-13 15:35:50', 1),
(865, '103.171.147.66', 'hanifarafi7@gmail.com', 3, '2023-04-13 16:07:00', 1),
(866, '103.171.147.66', 'hanifarafi7@gmail.com', 3, '2023-04-13 16:07:05', 1),
(867, '103.171.147.66', 'hanifarafi7@gmail.com', 3, '2023-04-13 16:07:06', 1),
(868, '103.171.147.66', 'hanifarafi7@gmail.com', 3, '2023-04-13 16:10:00', 1),
(869, '103.171.147.66', 'ardianita06@gmail.com', 6, '2023-04-13 16:59:37', 1),
(870, '125.164.235.240', 'ardianita06@gmail.com', 6, '2023-04-13 18:30:14', 1),
(871, '140.213.48.244', 'ardianita06@gmail.com', 6, '2023-04-13 18:30:46', 1),
(872, '103.160.184.12', 'ardianita06@gmail.com', 6, '2023-04-13 18:39:26', 1),
(873, '103.171.147.66', 'ardianita06@gmail.com', 6, '2023-04-13 19:35:49', 1),
(874, '103.171.147.66', 'ardianita06@gmail.com', 6, '2023-04-13 19:35:51', 1),
(875, '103.171.147.66', 'ardianita06@gmail.com', 6, '2023-04-13 19:35:54', 1),
(876, '103.171.147.66', 'ardianita06@gmail.com', 6, '2023-04-13 19:35:54', 1),
(877, '103.171.147.66', 'ardianita06@gmail.com', 6, '2023-04-13 19:35:55', 1),
(878, '103.171.147.66', 'ardianita06@gmail.com', 6, '2023-04-13 19:43:15', 1),
(879, '125.164.235.240', 'ardianita06@gmail.com', 6, '2023-04-13 19:45:37', 1),
(880, '103.160.184.12', 'ardianita06@gmail.com', 6, '2023-04-13 20:32:58', 1),
(881, '103.171.147.66', 'ardianita06@gmail.com', 6, '2023-04-14 00:27:22', 1),
(882, '103.171.147.66', 'ardianita06@gmail.com', 6, '2023-04-14 00:27:45', 1),
(883, '103.171.147.90', 'ardianita06@gmail.com', 6, '2023-04-14 05:13:12', 1),
(884, '103.171.147.90', 'ardianita06@gmail.com', 6, '2023-04-14 06:16:25', 1),
(885, '103.171.147.90', 'lindarahmawati011001@gmail.com', 7, '2023-04-14 15:41:03', 1),
(886, '103.171.147.90', 'ardianita06@gmail.com', 6, '2023-04-14 15:41:59', 1),
(887, '112.78.133.154', 'ardianita06@gmail.com', 6, '2023-04-14 18:38:27', 1),
(888, '103.171.147.90', 'ardianita06@gmail.com', 6, '2023-04-14 20:42:09', 1),
(889, '103.171.147.90', 'ardianita06@gmail.com', 6, '2023-04-14 21:32:04', 1),
(890, '112.78.133.154', 'ardianita06@gmail.com', 6, '2023-04-14 22:21:28', 1),
(891, '103.171.147.97', 'ardianita06@gmail.com', 6, '2023-04-15 07:43:41', 1),
(892, '103.171.147.97', 'ardianita06@gmail.com', 6, '2023-04-15 08:49:01', 1),
(893, '103.171.147.97', 'ardianita06@gmail.com', 6, '2023-04-15 09:36:27', 1),
(894, '103.171.147.97', 'lindarahmawati011001@gmail.com', 7, '2023-04-15 10:25:36', 1),
(895, '103.171.147.97', 'muhammadhanifarafi@student.uns.ac.id', 23, '2023-04-15 10:26:43', 1),
(896, '103.171.147.97', 'hanifarafi7@gmail.com', NULL, '2023-04-15 10:27:21', 0),
(897, '103.171.147.97', 'hanifarafi7@gmail.com', 3, '2023-04-15 10:27:31', 1),
(898, '114.5.105.189', 'ardianita06@gmail.com', 6, '2023-04-15 14:31:13', 1),
(899, '140.213.48.253', 'nitt', NULL, '2023-04-15 21:52:44', 0),
(900, '140.213.48.253', 'nitt', NULL, '2023-04-15 21:53:00', 0),
(901, '140.213.48.253', 'ardianita06@gmail.com', 6, '2023-04-15 21:53:24', 1),
(902, '140.213.48.253', 'ardianita06@gmail.com', 6, '2023-04-15 22:37:16', 1),
(903, '103.160.184.12', 'ardianita06@gmail.com', 6, '2023-04-15 23:57:09', 1),
(904, '103.160.184.12', 'lindarahmawati011001@gmail.com', 7, '2023-04-16 00:13:33', 1),
(905, '103.160.184.12', 'ardianita06@gmail.com', 6, '2023-04-16 00:25:15', 1),
(906, '103.171.147.116', 'ardianita06@gmail.com', 6, '2023-04-16 07:45:34', 1),
(907, '103.171.147.116', 'ardianita06@gmail.com', 6, '2023-04-16 09:12:43', 1),
(908, '103.171.147.116', 'ardianita06@gmail.com', 6, '2023-04-16 09:49:55', 1),
(909, '103.171.147.116', 'ardianita06@gmail.com', 6, '2023-04-16 10:35:11', 1),
(910, '140.213.58.192', 'ardianita06@gmail.com', 6, '2023-04-16 10:37:33', 1),
(911, '103.171.147.116', 'ardianita06@gmail.com', 6, '2023-04-16 11:48:52', 1),
(912, '103.160.184.12', 'lindarahmawati011001@gmail.com', 7, '2023-04-16 15:16:38', 1),
(913, '103.171.147.68', 'muhammadhanifarafi@gmail.com', 29, '2023-04-16 15:33:04', 1),
(914, '103.171.147.68', 'hanifarafi7@gmail.com', 3, '2023-04-16 15:34:14', 1),
(915, '103.171.147.68', 'ardianita06@gmail.com', 6, '2023-04-16 16:01:01', 1),
(916, '103.171.147.68', 'ardianita06@gmail.com', 6, '2023-04-16 16:05:37', 1),
(917, '103.160.184.12', 'lindarahmawati011001@gmail.com', 7, '2023-04-16 16:07:44', 1),
(918, '103.171.147.68', 'lindarahmawati011001@gmail.com', 7, '2023-04-16 16:17:14', 1),
(919, '103.171.147.68', 'muhammadhanifarafi@student.uns.ac.id', 23, '2023-04-16 16:25:13', 1),
(920, '103.171.147.68', 'muhammadhanifarafi@student.uns.ac.id', 23, '2023-04-16 16:31:57', 1),
(921, '103.171.147.68', 'ardianita06@gmail.com', NULL, '2023-04-16 16:33:24', 0),
(922, '103.171.147.68', 'ardianita06@gmail.com', 6, '2023-04-16 16:33:33', 1),
(923, '101.128.109.252', 'ardianita06@gmail.com', 6, '2023-04-16 20:26:38', 1),
(924, '101.128.109.252', 'ardianita06@gmail.com', 6, '2023-04-16 20:45:36', 1),
(925, '112.215.237.192', 'ardianita06@gmail.com', 6, '2023-04-16 21:05:05', 1),
(926, '112.215.237.192', 'ardianita06@gmail.com', 6, '2023-04-16 21:05:06', 1),
(927, '112.215.237.192', 'nitt', NULL, '2023-04-16 22:06:34', 0),
(928, '112.215.237.192', 'ardianita06@gmail.com', 6, '2023-04-16 22:06:46', 1),
(929, '118.99.83.90', 'ardianita06@gmail.com', 6, '2023-04-17 18:01:34', 1),
(930, '118.99.83.90', 'ardianita06@gmail.com', 6, '2023-04-17 18:05:50', 1),
(931, '118.99.83.90', 'ardianita06@gmail.com', 6, '2023-04-17 18:05:53', 1),
(932, '103.171.147.92', 'ardianita06@gmail.com', 6, '2023-04-17 19:35:50', 1),
(933, '112.215.153.131', 'ardianita06@gmail.com', 6, '2023-04-17 22:11:51', 1),
(934, '140.213.161.133', 'ardianitafzyh@gmail.com', 28, '2023-04-17 22:43:17', 1),
(935, '140.213.161.133', 'ardianita06@gmail.com', 6, '2023-04-17 23:08:37', 1),
(936, '182.253.217.234', 'ardianita06@gmail.com', 6, '2023-04-17 23:29:11', 1),
(937, '182.253.217.234', 'ardianita06@gmail.com', 6, '2023-04-18 06:32:18', 1),
(938, '140.213.175.166', 'ardianita06@gmail.com', 6, '2023-04-18 09:14:33', 1),
(939, '140.213.175.166', 'ardianitafzyh@gmail.com', 28, '2023-04-18 09:18:30', 1),
(940, '140.213.175.166', 'ardianitafzyh@gmail.com', 28, '2023-04-18 09:55:21', 1),
(941, '118.99.83.95', 'ardianita06@gmail.com', 6, '2023-04-18 10:59:29', 1),
(942, '182.253.217.234', 'ardianita06@gmail.com', 6, '2023-04-18 12:16:34', 1),
(943, '182.253.217.234', 'ardianita06@gmail.com', 6, '2023-04-18 13:19:20', 1),
(944, '182.253.217.234', 'hanifaja', NULL, '2023-04-18 13:55:41', 0),
(945, '103.171.147.92', 'ardianita06@gmail.com', 6, '2023-04-18 14:27:18', 1),
(946, '103.171.147.92', 'ardianita06@gmail.com', 6, '2023-04-18 14:39:40', 1),
(947, '103.171.147.92', 'lindarahmawati011001@gmail.com', 7, '2023-04-18 14:47:33', 1),
(948, '103.171.147.92', 'muhammadhanifarafi@student.uns.ac.id', 23, '2023-04-18 14:48:35', 1),
(949, '103.171.147.92', 'ardianita06@gmail.com', 6, '2023-04-18 15:03:11', 1),
(950, '103.171.147.92', 'ardianita06@gmail.com', 6, '2023-04-18 15:20:33', 1),
(951, '103.171.147.92', 'hanifarafi7@gmail.com', 3, '2023-04-18 15:20:49', 1),
(952, '103.171.147.92', 'ardianita06@gmail.com', 6, '2023-04-18 15:27:15', 1),
(953, '103.171.147.92', 'muhammadhanifarafi@gmail.com', 29, '2023-04-18 15:31:44', 1),
(954, '103.160.184.12', 'ardianita06@gmail.com', 6, '2023-04-18 15:37:26', 1),
(955, '103.160.184.12', 'lindarahmawati011001@gmail.com', 7, '2023-04-18 15:46:56', 1),
(956, '103.160.184.12', 'ardianita06@gmail.com', 6, '2023-04-18 16:00:00', 1),
(957, '103.171.147.92', 'ardianita06@gmail.com', 6, '2023-04-18 16:00:16', 1),
(958, '103.171.147.92', 'hanifarafi7@gmail.com', 3, '2023-04-18 16:02:57', 1),
(959, '103.160.184.12', 'lindarahmawati011001@gmail.com', 7, '2023-04-18 16:13:47', 1),
(960, '103.171.147.92', 'ardianita06@gmail.com', 6, '2023-04-18 16:13:52', 1),
(961, '103.171.147.92', 'hanifarafi7@gmail.com', 3, '2023-04-18 16:14:05', 1),
(962, '103.171.147.92', 'ardianita06@gmail.com', 6, '2023-04-18 16:17:54', 1),
(963, '103.171.147.92', 'lindarahmawati011001@gmail.com', 7, '2023-04-18 16:18:45', 1),
(964, '103.160.184.12', 'ardianita06@gmail.com', 6, '2023-04-18 16:42:27', 1),
(965, '103.160.184.12', 'lindarahmawati011001@gmail.com', 7, '2023-04-18 16:43:10', 1),
(966, '103.160.184.12', 'ardianita06@gmail.com', 6, '2023-04-18 17:09:08', 1),
(967, '103.160.184.12', 'lindarahmawati011001@gmail.com', 7, '2023-04-18 17:11:55', 1),
(968, '103.160.184.12', 'lindarahmawati011001@gmail.com', 7, '2023-04-19 12:38:45', 1),
(969, '103.160.184.12', 'ardianita06@gmail.com', 6, '2023-04-19 14:35:02', 1),
(970, '103.160.184.12', 'ardianita06@gmail.com', 6, '2023-04-19 15:21:51', 1),
(971, '103.160.184.12', 'ardianita06@gmail.com', 6, '2023-04-19 19:48:56', 1),
(972, '103.160.184.12', 'lindarahmawati011001@gmail.com', 7, '2023-04-19 20:45:57', 1),
(973, '103.160.184.12', 'ardianita06@gmail.com', 6, '2023-04-19 20:46:59', 1),
(974, '103.160.184.12', 'lindarahmawati011001@gmail.com', NULL, '2023-04-19 20:48:08', 0),
(975, '103.160.184.12', 'lindarahmawati011001@gmail.com', 7, '2023-04-19 20:48:18', 1),
(976, '103.160.184.12', 'ardianita06@gmail.com', 6, '2023-04-19 20:49:12', 1),
(977, '103.160.184.12', 'ardianita06@gmail.com', 6, '2023-04-19 23:02:15', 1),
(978, '103.160.184.12', 'lindarahmawati011001@gmail.com', 7, '2023-04-19 23:39:50', 1),
(979, '140.213.169.81', 'ardianita06@gmail.com', 6, '2023-04-19 23:55:39', 1),
(980, '140.213.169.81', 'ardianitafzyh@gmail.com', 28, '2023-04-20 00:06:51', 1),
(981, '140.213.169.81', 'ardianita06@gmail.com', 6, '2023-04-20 01:06:43', 1),
(982, '125.166.8.118', 'ardianita06@gmail.com', 6, '2023-04-20 16:37:02', 1),
(983, '125.166.8.118', 'ardianita06@gmail.com', 6, '2023-04-20 16:49:30', 1),
(984, '182.253.217.234', 'ardianita06@gmail.com', 6, '2023-04-20 23:08:12', 1),
(985, '182.253.217.234', 'kreshna1', NULL, '2023-04-20 23:23:00', 0),
(986, '182.253.217.234', 'kreshna1', NULL, '2023-04-20 23:23:31', 0),
(987, '182.253.217.234', 'yeiko123', NULL, '2023-04-20 23:25:46', 0),
(988, '182.253.217.234', 'muhammadhanifarafi@gmail.com', NULL, '2023-04-20 23:27:43', 0),
(989, '182.253.217.234', 'ardianitafzyh@gmail.com', NULL, '2023-04-20 23:28:00', 0),
(990, '182.253.217.234', 'fajri2002', NULL, '2023-04-20 23:28:18', 0),
(991, '103.171.147.92', 'ardianita06@gmail.com', 6, '2023-04-23 05:18:02', 1),
(992, '103.171.147.92', 'lindarahmawati011001@gmail.com', 7, '2023-04-23 05:19:46', 1),
(993, '103.171.147.92', 'muhammadhanifarafi@student.uns.ac.id', 23, '2023-04-23 05:20:59', 1),
(994, '103.171.147.92', 'lindarahmawati011001@gmail.com', 7, '2023-04-23 05:38:41', 1),
(995, '103.171.147.92', 'muhammadhanifarafi@student.uns.ac.id', 23, '2023-04-23 05:39:41', 1),
(996, '103.171.147.92', 'muhammadhanifarafi@student.uns.ac.id', 23, '2023-04-23 05:41:53', 1),
(997, '103.171.147.92', 'lindarahmawati011001@gmail.com', 7, '2023-04-23 18:18:05', 1),
(998, '103.171.147.92', 'lindarahmawati011001@gmail.com', 7, '2023-04-23 21:19:36', 1),
(999, '182.253.217.234', 'ardianita06@gmail.com', 6, '2023-04-25 19:39:13', 1),
(1000, '140.213.165.59', 'ardianita06@gmail.com', 6, '2023-04-25 21:18:36', 1),
(1001, '140.213.169.87', 'ardianitafzyh@gmail.com', 28, '2023-04-25 22:13:25', 1),
(1002, '140.213.40.195', 'ardianita06@gmail.com', 6, '2023-04-26 08:29:29', 1),
(1003, '140.213.40.195', 'yeiko123', NULL, '2023-04-26 08:31:50', 0),
(1004, '140.213.40.195', 'yeiko123', NULL, '2023-04-26 08:32:09', 0),
(1005, '140.213.40.195', 'ardianita06@gmail.com', 6, '2023-04-26 08:32:17', 1),
(1006, '140.213.40.195', 'ardianita06@gmail.com', 6, '2023-04-26 08:34:44', 1),
(1007, '140.213.40.195', 'inez123', NULL, '2023-04-26 08:35:57', 0),
(1008, '140.213.40.195', 'inez123', NULL, '2023-04-26 08:36:19', 0),
(1009, '140.213.40.195', 'inez@gmail.com', NULL, '2023-04-26 08:38:39', 0),
(1010, '140.213.40.195', 'kreshna1', NULL, '2023-04-26 08:39:16', 0),
(1011, '140.213.40.195', 'nita123', NULL, '2023-04-26 08:40:17', 0),
(1012, '140.213.40.195', 'ardianita06@gmail.com', 6, '2023-04-26 08:40:35', 1),
(1013, '140.213.40.195', 'inez@gmail.com', NULL, '2023-04-26 08:45:24', 0),
(1014, '140.213.40.195', 'ardianita06@gmail.com', 6, '2023-04-26 08:45:41', 1),
(1015, '140.213.40.195', 'ardianita06@gmail.com', 6, '2023-04-26 09:25:45', 1),
(1016, '140.213.40.195', 'ardianita06@gmail.com', 6, '2023-04-26 09:28:25', 1),
(1017, '140.213.40.195', 'ardianitafzyh@gmail.com', 28, '2023-04-26 09:28:58', 1),
(1018, '182.253.217.234', 'ardianita06@gmail.com', 6, '2023-04-26 13:36:03', 1),
(1019, '118.99.83.89', 'ardianita06@gmail.com', 6, '2023-04-26 13:51:37', 1),
(1020, '118.99.83.89', 'oktariniarossa@gmail.com', NULL, '2023-04-26 13:52:58', 0),
(1021, '118.99.83.89', 'oktariniarossa@gmail.com', NULL, '2023-04-26 13:53:18', 0),
(1022, '118.99.83.89', 'oktariniarossa@gmail.com', NULL, '2023-04-26 13:53:32', 0),
(1023, '118.99.83.89', 'wibiatisekark@student.uns.ac.id', NULL, '2023-04-26 13:59:41', 0),
(1024, '182.253.217.234', 'wibiatisekark@student.uns.ac.id', 34, '2023-04-26 14:01:50', 1),
(1025, '118.99.83.89', 'wibiatisekark@student.uns.ac.id', 34, '2023-04-26 15:04:08', 1),
(1026, '125.166.9.125', 'ardianita06@gmail.com', 6, '2023-04-26 20:43:39', 1),
(1027, '125.166.9.125', 'ardianita06@gmail.com', 6, '2023-04-26 21:14:34', 1),
(1028, '182.253.217.234', 'ardianita06@gmail.com', 6, '2023-04-26 21:32:15', 1),
(1029, '112.215.172.62', 'ardianitafzyh@gmail.com', 28, '2023-04-26 22:18:30', 1),
(1030, '112.215.172.62', 'ardianitafzyh@gmail.com', 28, '2023-04-26 22:36:42', 1),
(1031, '112.215.172.62', 'ardianita06@gmail.com', 6, '2023-04-26 22:50:19', 1),
(1032, '112.215.172.62', 'ardianitafzyh@gmail.com', 28, '2023-04-26 23:00:25', 1),
(1033, '112.215.172.62', 'ardianita06@gmail.com', 6, '2023-04-26 23:34:48', 1),
(1034, '125.166.9.125', 'ardianita06@gmail.com', 6, '2023-04-27 00:46:12', 1),
(1035, '140.213.161.61', 'ardianita06@gmail.com', 6, '2023-04-27 02:48:37', 1),
(1036, '140.213.171.33', 'ardianita06@gmail.com', 6, '2023-04-27 03:26:47', 1),
(1037, '140.213.171.33', 'nita123', NULL, '2023-04-27 03:30:52', 0),
(1038, '140.213.171.33', 'ardianitafzyh@gmail.com', 28, '2023-04-27 03:31:00', 1),
(1039, '140.213.161.61', 'ardianita06@gmail.com', 6, '2023-04-27 10:03:06', 1),
(1040, '125.166.9.125', 'ardianita06@gmail.com', 6, '2023-04-27 23:26:56', 1),
(1041, '125.166.9.125', 'ardianita06@gmail.com', 6, '2023-04-27 23:58:55', 1),
(1042, '125.166.9.125', 'ardianita06@gmail.com', 6, '2023-04-28 01:17:43', 1),
(1043, '103.132.230.93', 'ardianita06@gmail.com', 6, '2023-04-28 09:48:52', 1),
(1044, '103.171.147.68', 'hanifarafi7@gmail.com', NULL, '2023-04-28 10:40:46', 0),
(1045, '103.171.147.68', 'hanifarafi7@gmail.com', NULL, '2023-04-28 10:40:48', 0),
(1046, '103.171.147.68', 'hanifarafi7@gmail.com', 3, '2023-04-28 10:42:36', 1),
(1047, '103.171.147.68', 'hanifarafi7@gmail.com', 3, '2023-04-28 10:42:37', 1),
(1048, '125.166.9.125', 'ardianita06@gmail.com', 6, '2023-04-28 12:52:55', 1),
(1049, '125.166.9.125', 'ardianita06@gmail.com', 6, '2023-04-28 12:52:56', 1),
(1050, '103.174.113.4', 'ardianita06@gmail.com', 6, '2023-04-28 13:35:12', 1),
(1051, '103.171.147.68', 'hanifarafi7@gmail.com', 3, '2023-04-28 13:38:45', 1),
(1052, '103.171.147.68', 'hanifarafi7@gmail.com', 3, '2023-04-28 13:38:47', 1),
(1053, '103.171.147.68', 'hanifarafi7@gmail.com', 3, '2023-04-28 13:38:48', 1),
(1054, '103.171.147.68', 'hanifarafi7@gmail.com', 3, '2023-04-28 13:38:49', 1),
(1055, '103.171.147.68', 'hanifarafi7@gmail.com', 3, '2023-04-28 13:38:50', 1),
(1056, '103.171.147.68', 'hanifarafi7@gmail.com', 3, '2023-04-28 13:38:50', 1),
(1057, '103.171.147.68', 'hanifarafi7@gmail.com', 3, '2023-04-28 13:38:51', 1),
(1058, '103.171.147.68', 'hanifarafi7@gmail.com', 3, '2023-04-28 13:38:52', 1),
(1059, '103.171.147.68', 'hanifarafi7@gmail.com', 3, '2023-04-28 13:38:53', 1),
(1060, '103.174.113.4', 'lindarahmawati011001@gmail.com', 7, '2023-04-28 13:54:45', 1),
(1061, '103.171.147.68', 'hanifarafi7@gmail.com', NULL, '2023-04-28 14:22:04', 0),
(1062, '103.171.147.68', 'hanifarafi7@gmail.com', NULL, '2023-04-28 14:22:05', 0),
(1063, '103.171.147.68', 'hanifarafi7@gmail.com', 3, '2023-04-28 14:22:27', 1),
(1064, '103.171.147.68', 'muhammadhanifarafi@gmail.com', 29, '2023-04-28 14:25:22', 1),
(1065, '103.171.147.68', 'ardianita06@gmail.com', NULL, '2023-04-28 14:27:02', 0),
(1066, '103.171.147.68', 'ardianita06@gmail.com', 6, '2023-04-28 14:27:17', 1),
(1067, '103.171.147.68', 'ardianita06@gmail.com', 6, '2023-04-28 14:27:22', 1),
(1068, '103.171.147.68', 'ardianita06@gmail.com', 6, '2023-04-28 14:27:24', 1),
(1069, '103.171.147.68', 'ardianita06@gmail.com', 6, '2023-04-28 14:27:25', 1),
(1070, '103.171.147.68', 'ardianita06@gmail.com', 6, '2023-04-28 14:27:25', 1),
(1071, '103.171.147.68', 'ardianita06@gmail.com', 6, '2023-04-28 14:27:26', 1),
(1072, '103.171.147.68', 'ardianita06@gmail.com', 6, '2023-04-28 14:27:27', 1),
(1073, '103.171.147.68', 'ardianita06@gmail.com', 6, '2023-04-28 14:27:28', 1),
(1074, '103.171.147.68', 'ardianita06@gmail.com', 6, '2023-04-28 14:27:28', 1),
(1075, '103.171.147.68', 'ardianita06@gmail.com', 6, '2023-04-28 14:27:29', 1),
(1076, '140.213.165.44', 'ardianitafzyh@gmail.com', 28, '2023-04-28 14:30:12', 1),
(1077, '140.213.165.44', 'ardianitafzyh@gmail.com', 28, '2023-04-28 14:34:42', 1),
(1078, '103.171.147.68', 'ardianita06@gmail.com', 6, '2023-04-28 14:35:20', 1),
(1079, '103.174.113.4', 'lindarahmawati011001@gmail.com', 7, '2023-04-28 14:37:16', 1),
(1080, '125.166.9.125', 'ardianita06@gmail.com', 6, '2023-04-28 15:00:10', 1),
(1081, '182.253.217.234', 'ardianita06@gmail.com', 6, '2023-04-28 19:47:11', 1),
(1082, '125.166.9.125', 'ardianita06@gmail.com', NULL, '2023-04-28 19:54:48', 0),
(1083, '125.166.9.125', 'ardianita06@gmail.com', 6, '2023-04-28 19:54:59', 1),
(1084, '118.99.83.90', 'wibiatisekark@student.uns.ac.id', 34, '2023-04-28 19:55:48', 1),
(1085, '118.99.83.90', 'ardianita06@gmail.com', 6, '2023-04-28 20:38:32', 1),
(1086, '125.166.9.125', 'ardianita06@gmail.com', 6, '2023-04-28 20:49:26', 1),
(1087, '182.253.217.234', 'wibiatisekark@student.uns.ac.id', 34, '2023-04-28 20:59:52', 1),
(1088, '182.253.217.234', 'ardianita06@gmail.com', 6, '2023-04-28 21:42:57', 1),
(1089, '182.253.217.234', 'wibiatisekark@student.uns.ac.id', 34, '2023-04-28 21:53:00', 1),
(1090, '182.253.217.234', 'ardianita06@gmail.com', 6, '2023-04-28 22:31:54', 1),
(1091, '103.171.147.92', 'ardianita06@gmail.com', NULL, '2023-04-29 06:46:33', 0),
(1092, '103.171.147.92', 'ardianita06@gmail.com', NULL, '2023-04-29 06:46:37', 0),
(1093, '103.171.147.92', 'ardianita06@gmail.com', 6, '2023-04-29 06:46:52', 1),
(1094, '103.171.147.92', 'muhammadhanifarafi@gmail.com', 29, '2023-04-29 07:18:22', 1),
(1095, '103.171.147.92', 'muhammadhanifarafi@gmail.com', 29, '2023-04-29 07:18:24', 1),
(1096, '103.171.147.92', 'muhammadhanifarafi@gmail.com', 29, '2023-04-29 07:18:27', 1),
(1097, '103.171.147.92', 'ardianita06@gmail.com', 6, '2023-04-29 08:03:53', 1),
(1098, '103.171.147.92', 'hanifarafi7@gmail.com', 3, '2023-04-29 08:04:07', 1),
(1099, '103.171.147.92', 'muhammadhanifarafi@gmail.com', 29, '2023-04-29 08:04:18', 1),
(1100, '103.171.147.92', 'lindarahmawati011001@gmail.com', 7, '2023-04-29 08:05:01', 1),
(1101, '103.171.147.92', 'lindarahmawati011001@gmail.com', 7, '2023-04-29 08:05:13', 1),
(1102, '103.171.147.92', 'lindarahmawati011001@gmail.com', 7, '2023-04-29 08:05:17', 1),
(1103, '103.171.147.92', 'lindarahmawati011001@gmail.com', 7, '2023-04-29 08:05:19', 1),
(1104, '103.171.147.92', 'lindarahmawati011001@gmail.com', 7, '2023-04-29 08:05:23', 1),
(1105, '103.171.147.92', 'lindarahmawati011001@gmail.com', 7, '2023-04-29 08:06:09', 1),
(1106, '103.171.147.92', 'lindarahmawati011001@gmail.com', 7, '2023-04-29 08:06:09', 1),
(1107, '103.171.147.92', 'lindarahmawati011001@gmail.com', 7, '2023-04-29 08:06:10', 1),
(1108, '103.171.147.92', 'lindarahmawati011001@gmail.com', 7, '2023-04-29 08:06:17', 1),
(1109, '103.171.147.92', 'lindarahmawati011001@gmail.com', 7, '2023-04-29 08:06:39', 1),
(1110, '103.171.147.92', 'muhammadhanifarafi@gmail.com', 29, '2023-04-29 10:12:30', 1),
(1111, '103.171.147.92', 'muhammadhanifarafi@gmail.com', 29, '2023-04-29 10:12:33', 1),
(1112, '103.171.147.92', 'muhammadhanifarafi@gmail.com', 29, '2023-04-29 10:12:34', 1),
(1113, '103.171.147.92', 'muhammadhanifarafi@gmail.com', 29, '2023-04-29 10:12:37', 1),
(1114, '103.171.147.92', 'muhammadhanifarafi@gmail.com', 29, '2023-04-29 10:12:38', 1),
(1115, '103.171.147.92', 'muhammadhanifarafi@student.uns.ac.id', 23, '2023-04-29 10:13:31', 1),
(1116, '103.171.147.92', 'muhammadhanifarafi@student.uns.ac.id', 23, '2023-04-29 10:13:33', 1),
(1117, '103.171.147.92', 'muhammadhanifarafi@gmail.com', 29, '2023-04-29 10:19:52', 1),
(1118, '103.171.147.92', 'muhammadhanifarafi@gmail.com', 29, '2023-04-29 10:24:39', 1),
(1119, '103.171.147.92', 'muhammadhanifarafi@gmail.com', 29, '2023-04-29 10:24:42', 1),
(1120, '103.171.147.92', 'muhammadhanifarafi@gmail.com', 29, '2023-04-29 10:25:58', 1),
(1121, '103.171.147.92', 'muhammadhanifarafi@gmail.com', 29, '2023-04-29 10:27:02', 1),
(1122, '103.171.147.92', 'muhammadhanifarafi@gmail.com', 29, '2023-04-29 10:28:31', 1),
(1123, '103.171.147.92', 'muhammadhanifarafi@gmail.com', 29, '2023-04-29 10:43:00', 1),
(1124, '103.171.147.92', 'muhammadhanifarafi@gmail.com', 29, '2023-04-29 10:43:24', 1),
(1125, '103.171.147.92', 'muhammadhanifarafi@student.uns.ac.id', 23, '2023-04-29 10:44:02', 1),
(1126, '103.171.147.92', 'ardianita06@gmail.com', 6, '2023-04-29 13:30:43', 1),
(1127, '103.171.147.92', 'ardianita06@gmail.com', 6, '2023-04-29 13:30:46', 1),
(1128, '103.174.113.4', 'lindarahmawati011001@gmail.com', 7, '2023-04-29 18:38:48', 1),
(1129, '140.213.165.102', 'muhammadhanifarafi@gmail.com', 29, '2023-04-29 22:17:36', 1),
(1130, '103.174.113.4', 'lindarahmawati011001@gmail.com', 7, '2023-04-29 23:33:21', 1),
(1131, '112.215.154.7', 'ardianita06@gmail.com', NULL, '2023-04-29 23:52:11', 0),
(1132, '112.215.154.7', 'ardianita06@gmail.com', NULL, '2023-04-29 23:52:14', 0),
(1133, '112.215.154.7', 'ardianita06@gmail.com', NULL, '2023-04-29 23:52:45', 0),
(1134, '112.215.154.7', 'ardianita06@gmail.com', NULL, '2023-04-29 23:54:42', 0),
(1135, '140.213.171.221', 'ardianitafzyh@gmail.com', 28, '2023-04-30 06:03:43', 1),
(1136, '140.213.171.221', 'muhammadhanifarafi@gmail.com', 29, '2023-04-30 06:04:00', 1),
(1137, '140.213.171.221', 'ardianita06@gmail.com', 6, '2023-04-30 07:09:59', 1),
(1138, '140.213.161.4', 'ardianitafzyh@gmail.com', 28, '2023-04-30 07:36:47', 1),
(1139, '140.213.171.221', 'ardianita06@gmail.com', 6, '2023-04-30 07:57:22', 1),
(1140, '140.213.161.4', 'muhammadhanifarafi@gmail.com', 29, '2023-04-30 08:13:07', 1),
(1141, '114.5.247.171', 'ardianita06@gmail.com', 6, '2023-04-30 08:55:18', 1),
(1142, '112.215.244.154', 'ardianita06@gmail.com', 6, '2023-04-30 09:32:14', 1),
(1143, '112.215.244.154', 'ardianita06@gmail.com', 6, '2023-04-30 10:10:15', 1),
(1144, '114.5.247.171', 'ardianita06@gmail.com', 6, '2023-04-30 12:19:10', 1),
(1145, '103.174.113.4', 'wibiatisekark@student.uns.ac.id', 34, '2023-04-30 13:30:35', 1),
(1146, '103.174.113.4', 'ardianita06@gmail.com', 6, '2023-04-30 13:40:39', 1),
(1147, '103.174.113.4', 'lindarahmawati011001@gmail.com', 7, '2023-04-30 14:18:14', 1),
(1148, '114.5.247.171', 'ardianita06@gmail.com', 6, '2023-04-30 14:26:29', 1),
(1149, '103.174.113.4', 'wibiatisekark@student.uns.ac.id', 34, '2023-04-30 14:58:29', 1),
(1150, '103.174.113.4', 'ardianita06@gmail.com', 6, '2023-04-30 15:40:47', 1),
(1151, '103.174.113.4', 'lindarahmawati011001@gmail.com', 7, '2023-04-30 15:48:45', 1),
(1152, '103.174.113.4', 'ardianita06@gmail.com', 6, '2023-04-30 15:50:15', 1),
(1153, '103.174.113.4', 'lindarahmawati011001@gmail.com', 7, '2023-04-30 16:24:04', 1),
(1154, '103.174.113.4', 'ardianita06@gmail.com', 6, '2023-04-30 16:24:47', 1),
(1155, '103.174.113.4', 'lindarahmawati011001@gmail.com', 7, '2023-04-30 16:27:26', 1),
(1156, '103.171.147.116', 'ardianita06@gmail.com', 6, '2023-04-30 19:45:11', 1),
(1157, '103.171.147.116', 'lindarahmawati011001@gmail.com', 7, '2023-04-30 19:45:38', 1),
(1158, '103.171.147.116', 'lindarahmawati011001@gmail.com', 7, '2023-04-30 19:45:49', 1),
(1159, '103.171.147.116', 'lindarahmawati011001@gmail.com', 7, '2023-04-30 19:45:58', 1),
(1160, '103.171.147.116', 'lindarahmawati011001@gmail.com', 7, '2023-04-30 19:45:59', 1),
(1161, '103.171.147.116', 'lindarahmawati011001@gmail.com', 7, '2023-04-30 19:46:01', 1),
(1162, '103.171.147.116', 'lindarahmawati011001@gmail.com', 7, '2023-04-30 19:46:03', 1),
(1163, '103.171.147.116', 'lindarahmawati011001@gmail.com', 7, '2023-04-30 19:46:03', 1),
(1164, '103.171.147.116', 'lindarahmawati011001@gmail.com', 7, '2023-04-30 19:46:13', 1),
(1165, '103.171.147.116', 'lindarahmawati011001@gmail.com', 7, '2023-04-30 19:46:13', 1),
(1166, '103.171.147.116', 'lindarahmawati011001@gmail.com', 7, '2023-04-30 19:46:15', 1),
(1167, '103.171.147.116', 'lindarahmawati011001@gmail.com', 7, '2023-04-30 19:46:17', 1),
(1168, '103.171.147.116', 'lindarahmawati011001@gmail.com', 7, '2023-04-30 19:46:17', 1),
(1169, '103.171.147.116', 'lindarahmawati011001@gmail.com', 7, '2023-04-30 19:46:23', 1),
(1170, '103.171.147.116', 'lindarahmawati011001@gmail.com', 7, '2023-04-30 19:46:33', 1),
(1171, '103.171.147.116', 'muhammadhanifarafi@student.uns.ac.id', 23, '2023-04-30 19:47:33', 1),
(1172, '103.160.184.4', 'ardianita06@gmail.com', 6, '2023-04-30 20:22:19', 1),
(1173, '103.171.147.116', 'lindarahmawati011001@gmail.com', 7, '2023-04-30 20:28:35', 1),
(1174, '103.171.147.116', 'ardianita06@gmail.com', 6, '2023-04-30 20:30:05', 1),
(1175, '103.171.147.116', 'ardianita06@gmail.com', 6, '2023-04-30 20:30:22', 1),
(1176, '103.171.147.116', 'ardianita06@gmail.com', 6, '2023-04-30 20:30:22', 1),
(1177, '103.171.147.116', 'ardianita06@gmail.com', 6, '2023-04-30 20:30:26', 1),
(1178, '103.171.147.116', 'ardianita06@gmail.com', 6, '2023-04-30 20:30:26', 1),
(1179, '103.171.147.116', 'ardianita06@gmail.com', 6, '2023-04-30 20:30:28', 1),
(1180, '103.171.147.116', 'ardianita06@gmail.com', 6, '2023-04-30 20:30:28', 1),
(1181, '103.171.147.116', 'ardianita06@gmail.com', 6, '2023-04-30 20:30:29', 1),
(1182, '103.171.147.116', 'ardianita06@gmail.com', 6, '2023-04-30 20:30:34', 1),
(1183, '103.171.147.116', 'ardianita06@gmail.com', 6, '2023-04-30 20:30:40', 1),
(1184, '103.171.147.116', 'ardianita06@gmail.com', 6, '2023-04-30 20:30:42', 1),
(1185, '103.171.147.116', 'ardianita06@gmail.com', 6, '2023-04-30 20:30:44', 1),
(1186, '103.160.184.4', 'ardianita06@gmail.com', 6, '2023-04-30 21:13:57', 1),
(1187, '103.171.147.116', 'ardianita06@gmail.com', 6, '2023-04-30 21:21:10', 1),
(1188, '118.99.83.88', 'ardianita06@gmail.com', 6, '2023-04-30 21:32:59', 1),
(1189, '103.160.184.4', 'ardianita06@gmail.com', 6, '2023-04-30 22:15:10', 1),
(1190, '103.160.184.4', 'lindarahmawati011001@gmail.com', 7, '2023-04-30 22:45:33', 1),
(1191, '140.213.169.68', 'muhammadhanifarafi@gmail.com', 29, '2023-05-01 05:39:52', 1),
(1192, '140.213.167.121', 'ardianita06@gmail.com', 6, '2023-05-01 05:40:01', 1),
(1193, '140.213.167.121', 'ardianitafzyh@gmail.com', 28, '2023-05-01 05:40:12', 1),
(1194, '140.213.169.68', 'ardianita06@gmail.com', 6, '2023-05-01 06:40:21', 1),
(1195, '140.213.169.68', 'yeiko123', NULL, '2023-05-01 07:18:47', 0),
(1196, '140.213.169.68', 'muhammadhanifarafi@gmail.com', 29, '2023-05-01 07:18:58', 1),
(1197, '140.213.42.194', 'nitt', NULL, '2023-05-01 07:38:41', 0),
(1198, '140.213.42.194', 'ardianita06@gmail.com', 6, '2023-05-01 07:38:55', 1),
(1199, '140.213.167.121', 'ardianita06@gmail.com', 6, '2023-05-01 08:15:18', 1),
(1200, '140.213.169.68', 'ardianita06@gmail.com', 6, '2023-05-01 08:34:29', 1),
(1201, '140.213.167.121', 'ardianita06@gmail.com', 6, '2023-05-01 08:37:01', 1),
(1202, '140.213.169.68', 'muhammadhanifarafi@gmail.com', 29, '2023-05-01 08:45:39', 1),
(1203, '140.213.167.121', 'ardianitafzyh@gmail.com', 28, '2023-05-01 08:52:44', 1),
(1204, '140.213.42.194', 'ardianita06@gmail.com', 6, '2023-05-01 09:40:32', 1),
(1205, '203.190.44.173', 'ardianita06@gmail.com', 6, '2023-05-01 11:00:00', 1),
(1206, '140.213.42.194', 'ardianita06@gmail.com', 6, '2023-05-01 11:27:13', 1),
(1207, '203.190.44.173', 'ardianita06@gmail.com', 6, '2023-05-01 13:12:17', 1),
(1208, '103.171.147.92', 'ardianita06@gmail.com', 6, '2023-05-01 13:13:03', 1),
(1209, '118.99.83.88', 'ardianita06@gmail.com', 6, '2023-05-01 13:44:13', 1),
(1210, '103.160.184.4', 'ardianita06@gmail.com', 6, '2023-05-01 14:02:49', 1),
(1211, '103.160.184.4', 'lindarahmawati011001@gmail.com', 7, '2023-05-01 14:03:09', 1),
(1212, '103.160.184.4', 'ardianita06@gmail.com', 6, '2023-05-01 14:04:13', 1),
(1213, '182.253.217.234', 'muhammadhanifarafi@gmail.com', 29, '2023-05-01 14:12:15', 1),
(1214, '182.253.217.234', 'ardianita06@gmail.com', 6, '2023-05-01 14:35:29', 1),
(1215, '182.253.217.234', 'ardianita06@gmail.com', 6, '2023-05-01 19:12:29', 1),
(1216, '103.160.184.4', 'ardianita06@gmail.com', 6, '2023-05-01 19:37:03', 1),
(1217, '182.253.217.234', 'wibiatisekark@student.uns.ac.id', 34, '2023-05-01 19:47:07', 1),
(1218, '103.160.184.4', 'ardianita06@gmail.com', 6, '2023-05-01 20:28:14', 1),
(1219, '140.213.59.53', 'ardianita06@gmail.com', 6, '2023-05-01 22:06:37', 1),
(1220, '140.213.59.53', 'ardianita06@gmail.com', 6, '2023-05-01 23:16:18', 1),
(1221, '140.213.59.53', 'ardianita06@gmail.com', 6, '2023-05-01 23:16:24', 1),
(1222, '103.171.147.116', 'ardianita06@gmail.com', 6, '2023-05-02 08:24:01', 1),
(1223, '103.171.147.116', 'lindarahmawati011001@gmail.com', 7, '2023-05-02 09:26:27', 1),
(1224, '103.171.147.116', 'lindarahmawati011001@gmail.com', 7, '2023-05-02 09:26:29', 1),
(1225, '103.171.147.116', 'lindarahmawati011001@gmail.com', 7, '2023-05-02 09:26:32', 1),
(1226, '103.171.147.116', 'lindarahmawati011001@gmail.com', 7, '2023-05-02 09:26:32', 1),
(1227, '103.171.147.116', 'lindarahmawati011001@gmail.com', 7, '2023-05-02 09:26:36', 1),
(1228, '103.171.147.116', 'ardianita06@gmail.com', 6, '2023-05-02 09:30:02', 1),
(1229, '103.171.147.116', 'ardianita06@gmail.com', 6, '2023-05-02 10:56:13', 1),
(1230, '103.171.147.116', 'ardianita06@gmail.com', 6, '2023-05-02 12:04:36', 1),
(1231, '103.171.147.116', 'lindarahmawati011001@gmail.com', NULL, '2023-05-02 12:44:22', 0),
(1232, '103.171.147.116', 'lindarahmawati011001@gmail.com', 7, '2023-05-02 12:44:31', 1),
(1233, '103.171.147.116', 'muhammadhanifarafi@student.uns.ac.id', 23, '2023-05-02 12:50:32', 1),
(1234, '103.171.147.116', 'lindarahmawati011001@gmail.com', 7, '2023-05-02 12:52:06', 1),
(1235, '103.171.147.116', 'ardianita06@gmail.com', 6, '2023-05-02 12:58:26', 1),
(1236, '104.28.247.132', 'wibiatisekark@student.uns.ac.id', 34, '2023-05-02 13:02:52', 1),
(1237, '103.171.147.116', 'ardianita06@gmail.com', 6, '2023-05-02 13:03:18', 1),
(1238, '103.171.147.116', 'ardianita06@gmail.com', 6, '2023-05-02 13:30:20', 1),
(1239, '103.171.147.116', 'muhammadhanifarafi@student.uns.ac.id', 23, '2023-05-02 13:33:47', 1),
(1240, '114.10.29.122', 'hanfiarafi7@gmail.com', NULL, '2023-05-02 15:55:43', 0),
(1241, '114.10.29.122', 'hanfiarafi7@gmail.com', NULL, '2023-05-02 15:55:45', 0),
(1242, '114.10.29.122', 'muhammadhanifarafi@student.uns.ac.id', 23, '2023-05-02 15:56:29', 1),
(1243, '103.31.240.4', 'ardianita06@gmail.com', 6, '2023-05-02 18:13:15', 1),
(1244, '125.164.232.6', 'ardianita06@gmail.com', 6, '2023-05-02 19:31:06', 1),
(1245, '182.253.217.234', 'ardianita06@gmail.com', 6, '2023-05-02 19:43:33', 1),
(1246, '182.253.217.234', 'wibiatisekark@student.uns.ac.id', 34, '2023-05-02 19:45:54', 1),
(1247, '114.10.29.122', 'ardianita06@gmail.com', 6, '2023-05-02 19:59:07', 1),
(1248, '114.10.29.122', 'ardianita06@gmail.com', 6, '2023-05-02 19:59:09', 1),
(1249, '103.31.240.4', 'ardianita06@gmail.com', 6, '2023-05-02 20:05:30', 1),
(1250, '103.31.240.4', 'ardianita06@gmail.com', 6, '2023-05-02 21:19:26', 1),
(1251, '125.164.232.6', 'ardianita06@gmail.com', 6, '2023-05-02 21:39:45', 1),
(1252, '103.31.240.4', 'ardianita06@gmail.com', 6, '2023-05-02 22:41:02', 1),
(1253, '125.164.232.6', 'ardianita06@gmail.com', 6, '2023-05-02 23:29:01', 1),
(1254, '125.164.232.6', 'ardianita06@gmail.com', 6, '2023-05-02 23:44:21', 1),
(1255, '125.164.232.6', 'ardianita06@gmail.com', 6, '2023-05-02 23:47:43', 1),
(1256, '103.171.147.68', 'lindarahmawati011001@gmail.com', 7, '2023-05-03 06:35:25', 1),
(1257, '103.171.147.68', 'ardianita06@gmail.com', 6, '2023-05-03 09:12:51', 1),
(1258, '103.171.147.68', 'ardianita06@gmail.com', 6, '2023-05-03 09:59:02', 1),
(1259, '202.67.40.196', 'ardianita06@gmail.com', 6, '2023-05-03 11:44:11', 1),
(1260, '103.31.240.4', 'ardianita06@gmail.com', 6, '2023-05-03 14:25:34', 1),
(1261, '103.31.240.4', 'ardianita06@gmail.com', 6, '2023-05-03 15:21:13', 1),
(1262, '140.213.171.47', 'ardianitafzyh@gmail.com', 28, '2023-05-03 15:55:09', 1),
(1263, '140.213.171.47', 'ardianita06@gmail.com', 6, '2023-05-03 15:55:19', 1),
(1264, '140.213.165.248', 'muhammadhanifarafi@gmail.com', 29, '2023-05-03 15:55:36', 1),
(1265, '140.213.165.248', 'lindarahmawati011001@gmail.com', 7, '2023-05-03 16:03:27', 1),
(1266, '140.213.165.248', 'nitt', NULL, '2023-05-03 16:04:44', 0),
(1267, '140.213.165.248', 'ardianita06@gmail.com', 6, '2023-05-03 16:14:52', 1),
(1268, '140.213.165.248', 'lindarahmawati011001@gmail.com', 7, '2023-05-03 16:52:32', 1),
(1269, '140.213.171.47', 'ardianitafzyh@gmail.com', 28, '2023-05-03 16:59:41', 1),
(1270, '182.253.217.234', 'wibiatisekark@student.uns.ac.id', 34, '2023-05-03 19:39:16', 1),
(1271, '118.99.83.88', 'ardianita06@gmail.com', 6, '2023-05-03 19:40:08', 1),
(1272, '182.253.217.234', 'ardianita06@gmail.com', 6, '2023-05-03 20:44:13', 1),
(1273, '203.78.117.187', 'ardianita06@gmail.com', 6, '2023-05-03 21:49:44', 1),
(1274, '103.171.147.79', 'hanifarafi7@gmail.com', 3, '2023-05-03 21:55:22', 1),
(1275, '140.213.169.16', 'ardianita06@gmail.com', 6, '2023-05-04 05:17:44', 1),
(1276, '140.213.169.16', 'ardianitafzyh@gmail.com', 28, '2023-05-04 05:53:54', 1),
(1277, '112.215.153.149', 'ardianita06@gmail.com', 6, '2023-05-04 09:16:15', 1),
(1278, '112.215.153.149', 'ardianita06@gmail.com', 6, '2023-05-04 09:48:27', 1),
(1279, '112.215.153.149', 'ardianitafzyh@gmail.com', 28, '2023-05-04 11:13:46', 1),
(1280, '140.213.169.115', 'ardianitafzyh@gmail.com', 28, '2023-05-04 14:21:37', 1),
(1281, '140.213.163.169', 'ardianita06@gmail.com', 6, '2023-05-04 14:42:31', 1);
INSERT INTO `auth_logins` (`id`, `ip_address`, `email`, `user_id`, `date`, `success`) VALUES
(1282, '140.213.169.115', 'muhammadhanifarafi@gmail.com', 29, '2023-05-04 15:08:35', 1),
(1283, '103.31.240.4', 'ardianita06@gmail.com', 6, '2023-05-04 15:28:41', 1),
(1284, '103.31.240.4', 'ardianita06@gmail.com', 6, '2023-05-04 16:06:23', 1),
(1285, '140.213.169.115', 'muhammadhanifarafi@gmail.com', 29, '2023-05-04 16:10:40', 1),
(1286, '140.213.169.115', 'ardianitafzyh@gmail.com', 28, '2023-05-04 16:11:29', 1),
(1287, '103.171.147.79', 'ardianita06@gmail.com', 6, '2023-05-04 16:25:21', 1),
(1288, '140.213.169.115', 'muhammadhanifarafi@gmail.com', 29, '2023-05-04 16:52:11', 1),
(1289, '103.171.147.79', 'ardianita06@gmail.com', 6, '2023-05-04 17:00:24', 1),
(1290, '103.31.240.4', 'ardianita06@gmail.com', 6, '2023-05-04 17:10:13', 1),
(1291, '140.213.169.115', 'muhammadhanifarafi@gmail.com', 29, '2023-05-04 17:31:48', 1),
(1292, '140.213.163.169', 'ardianita06@gmail.com', 6, '2023-05-04 17:51:24', 1),
(1293, '103.171.147.79', 'ardianita06@gmail.com', 6, '2023-05-04 17:54:22', 1),
(1294, '103.31.240.4', 'ardianita06@gmail.com', 6, '2023-05-04 18:00:53', 1),
(1295, '140.213.169.115', 'muhammadhanifarafi@gmail.com', 29, '2023-05-04 18:38:49', 1),
(1296, '103.31.240.4', 'ardianita06@gmail.com', 6, '2023-05-04 19:02:27', 1),
(1297, '140.213.163.169', 'ardianita06@gmail.com', 6, '2023-05-04 19:14:57', 1),
(1298, '120.188.72.14', 'ardianita06@gmail.com', 6, '2023-05-04 19:37:16', 1),
(1299, '120.188.72.14', 'ardianita06@gmail.com', 6, '2023-05-04 19:51:26', 1),
(1300, '103.31.240.4', 'ardianita06@gmail.com', 6, '2023-05-04 20:10:40', 1),
(1301, '103.171.147.79', 'ardianita06@gmail.com', NULL, '2023-05-04 21:08:29', 0),
(1302, '103.171.147.79', 'ardianita06@gmail.com', 6, '2023-05-04 21:08:46', 1),
(1303, '112.215.154.172', 'ardianita06@gmail.com', 6, '2023-05-04 22:11:12', 1),
(1304, '182.253.217.234', 'ardianita06@gmail.com', 6, '2023-05-04 22:29:42', 1),
(1305, '112.215.154.172', 'ardianitafzyh@gmail.com', 28, '2023-05-04 22:54:47', 1),
(1306, '112.215.154.172', 'ardianita06@gmail.com', 6, '2023-05-04 22:57:41', 1),
(1307, '112.215.154.172', 'ardianitafzyh@gmail.com', 28, '2023-05-04 23:04:48', 1),
(1308, '112.215.154.172', 'ardianita06@gmail.com', 6, '2023-05-04 23:22:16', 1),
(1309, '140.213.163.169', 'nitt', NULL, '2023-05-04 23:28:06', 0),
(1310, '140.213.163.169', 'ardianita06@gmail.com', 6, '2023-05-04 23:28:13', 1),
(1311, '112.215.154.172', 'ardianita06@gmail.com', 6, '2023-05-04 23:34:48', 1),
(1312, '112.215.154.172', 'ardianitafzyh@gmail.com', 28, '2023-05-04 23:35:50', 1),
(1313, '112.215.154.172', 'lindarahmawati011001@gmail.com', 7, '2023-05-04 23:48:39', 1),
(1314, '140.213.169.115', 'ardianitafzyh@gmail.com', 28, '2023-05-04 23:49:05', 1),
(1315, '112.215.154.172', 'lindarahmawati011001@gmail.com', 7, '2023-05-04 23:55:23', 1),
(1316, '112.215.154.172', 'ardianita06@gmail.com', 6, '2023-05-04 23:58:14', 1),
(1317, '140.213.169.115', 'ardianita06@gmail.com', 6, '2023-05-05 00:03:06', 1),
(1318, '112.215.154.172', 'lindarahmawati011001@gmail.com', 7, '2023-05-05 00:05:18', 1),
(1319, '112.215.154.172', 'ardianita06@gmail.com', 6, '2023-05-05 00:08:28', 1),
(1320, '103.31.240.4', 'ardianita06@gmail.com', 6, '2023-05-05 08:18:28', 1),
(1321, '103.31.240.4', 'lindarahmawati011001@gmail.com', NULL, '2023-05-05 08:22:48', 0),
(1322, '103.31.240.4', 'lindarahmawati011001@gmail.com', NULL, '2023-05-05 08:22:58', 0),
(1323, '103.31.240.4', 'lindarahmawati011001@gmail.com', NULL, '2023-05-05 08:23:15', 0),
(1324, '103.31.240.4', 'oktariniarossaa@gmail.com', 33, '2023-05-05 08:27:28', 1),
(1325, '103.31.240.4', 'ardianita06@gmail.com', 6, '2023-05-05 08:45:40', 1),
(1326, '140.213.44.168', 'muhammadhanifarafi@gmail.com', 29, '2023-05-05 08:56:56', 1),
(1327, '140.213.44.168', 'ardianita06@gmail.com', 6, '2023-05-05 08:58:17', 1),
(1328, '103.132.230.93', 'ardianita06@gmail.com', 6, '2023-05-05 09:00:38', 1),
(1329, '103.31.240.4', 'oktariniarossaa@gmail.com', 33, '2023-05-05 10:00:50', 1),
(1330, '140.213.44.168', 'muhammadhanifarafi@gmail.com', 29, '2023-05-05 13:07:07', 1),
(1331, '140.213.56.200', 'ardianitafzyh@gmail.com', 28, '2023-05-05 13:18:50', 1),
(1332, '140.213.56.200', 'muhammadhanifarafi@gmail.com', 29, '2023-05-05 13:21:09', 1),
(1333, '140.213.56.200', 'lindarahmawati011001@gmail.com', 7, '2023-05-05 14:51:10', 1),
(1334, '140.213.44.168', 'ardianitafzyh@gmail.com', 28, '2023-05-05 14:55:41', 1),
(1335, '140.213.44.168', 'ardianita06@gmail.com', 6, '2023-05-05 15:01:48', 1),
(1336, '140.213.56.200', 'ardianita06@gmail.com', 6, '2023-05-05 15:10:19', 1),
(1337, '140.213.56.200', 'lindarahmawati011001@gmail.com', 7, '2023-05-05 15:54:55', 1),
(1338, '140.213.44.168', 'ardianita06@gmail.com', 6, '2023-05-05 16:09:59', 1),
(1339, '140.213.56.200', 'nitt', NULL, '2023-05-05 16:32:37', 0),
(1340, '140.213.56.200', 'ardianita06@gmail.com', 6, '2023-05-05 16:32:47', 1),
(1341, '103.31.240.4', 'oktariniarossaa@gmail.com', 33, '2023-05-05 18:10:03', 1),
(1342, '103.31.240.4', 'oktariniarossaa@gmail.com', 33, '2023-05-05 21:35:09', 1),
(1343, '182.253.217.234', 'ardianita06@gmail.com', 6, '2023-05-05 22:36:00', 1),
(1344, '125.164.232.6', 'ardianita06@gmail.com', 6, '2023-05-05 23:30:30', 1),
(1345, '103.171.147.103', 'ardianita06@gmail.com', 6, '2023-05-06 06:02:25', 1),
(1346, '103.171.147.103', 'ardianita06@gmail.com', NULL, '2023-05-06 10:22:35', 0),
(1347, '103.171.147.103', 'ardianita06@gmail.com', 6, '2023-05-06 10:22:43', 1),
(1348, '120.188.38.86', 'ardianita06@gmail.com', 6, '2023-05-06 18:25:00', 1),
(1349, '120.188.38.86', 'ardianita06@gmail.com', 6, '2023-05-06 18:27:17', 1),
(1350, '103.31.240.12', 'ardianita06@gmail.com', 6, '2023-05-06 21:13:14', 1),
(1351, '103.31.240.12', 'ardianita06@gmail.com', 6, '2023-05-06 22:05:59', 1),
(1352, '103.31.240.12', 'oktariniarossaa@gmail.com', 33, '2023-05-07 00:52:58', 1),
(1353, '103.189.201.9', 'ardianita06@gmail.com', 6, '2023-05-07 08:53:24', 1),
(1354, '103.189.201.9', 'ardianita06@gmail.com', 6, '2023-05-07 08:53:26', 1),
(1355, '103.189.201.9', 'ardianita06@gmail.com', 6, '2023-05-07 08:53:27', 1),
(1356, '103.189.201.9', 'ardianita06@gmail.com', 6, '2023-05-07 08:55:59', 1),
(1357, '103.184.180.97', 'ardianita06@gmail.com', 6, '2023-05-07 12:10:03', 1),
(1358, '101.128.111.206', 'oktariniarossaa@gmail.com', 33, '2023-05-07 13:01:13', 1),
(1359, '101.128.111.206', 'oktariniarossaa@gmail.com', 33, '2023-05-07 13:01:14', 1),
(1360, '103.184.180.97', 'ardianita06@gmail.com', 6, '2023-05-07 13:12:35', 1),
(1361, '103.184.180.97', 'ardianita06@gmail.com', 6, '2023-05-07 13:49:49', 1),
(1362, '103.189.201.9', 'ardianita06@gmail.com', 6, '2023-05-07 13:55:27', 1),
(1363, '140.213.167.253', 'muhammadhanifarafi@gmail.com', 29, '2023-05-07 13:59:04', 1),
(1364, '101.128.111.206', 'ardianita06@gmail.com', 6, '2023-05-07 14:13:37', 1),
(1365, '101.128.111.206', 'oktariniarossaa@gmail.com', 33, '2023-05-07 14:21:14', 1),
(1366, '140.213.167.253', 'ardianitafzyh@gmail.com', 28, '2023-05-07 14:27:45', 1),
(1367, '140.213.167.253', 'muhammadhanifarafi@gmail.com', 29, '2023-05-07 14:29:10', 1),
(1368, '101.128.111.206', 'ardianita06@gmail.com', 6, '2023-05-07 14:30:23', 1),
(1369, '140.213.171.71', 'yeiko123', NULL, '2023-05-07 15:09:13', 0),
(1370, '140.213.171.71', 'yeiko123', NULL, '2023-05-07 15:09:22', 0),
(1371, '140.213.171.71', 'muhammadhanifarafi@gmail.com', 29, '2023-05-07 15:09:36', 1),
(1372, '103.189.201.9', 'ardianita06@gmail.com', 6, '2023-05-07 15:38:49', 1),
(1373, '103.189.201.9', 'muhammadhanifarafi@gmail.com', 29, '2023-05-07 15:41:14', 1),
(1374, '103.189.201.9', 'ardianita06@gmail.com', 6, '2023-05-07 15:45:02', 1),
(1375, '103.189.201.9', 'ardianita06@gmail.com', 6, '2023-05-07 15:55:47', 1),
(1376, '103.189.201.9', 'syauqi123@gmail.com', 39, '2023-05-07 15:56:07', 1),
(1377, '103.189.201.9', 'ardianita06@gmail.com', 6, '2023-05-07 16:05:52', 1),
(1378, '103.189.201.9', 'nazaruddin123@gmail.com', 40, '2023-05-07 16:10:02', 1),
(1379, '103.189.201.9', 'ardianita06@gmail.com', 6, '2023-05-07 16:10:22', 1),
(1380, '103.189.201.9', 'darmawan123@gmail.com', 41, '2023-05-07 16:18:04', 1),
(1381, '103.189.201.9', 'ardianita06@gmail.com', 6, '2023-05-07 16:20:10', 1),
(1382, '103.189.201.9', 'harianto123', NULL, '2023-05-07 16:24:40', 0),
(1383, '103.189.201.9', 'harianto123@gmail.com', 42, '2023-05-07 16:25:16', 1),
(1384, '103.31.240.12', 'ardianita06@gmail.com', 6, '2023-05-07 18:32:09', 1),
(1385, '103.189.201.9', 'ardianita06@gmail.com', 6, '2023-05-07 18:37:56', 1),
(1386, '103.31.240.12', 'ardianita06@gmail.com', 6, '2023-05-07 18:57:33', 1),
(1387, '103.31.240.12', 'oktariniarossaa@gmail.com', 33, '2023-05-07 18:57:55', 1),
(1388, '103.31.240.12', 'ardianita06@gmail.com', 6, '2023-05-07 18:58:58', 1),
(1389, '103.189.201.9', 'ardianita06@gmail.com', 6, '2023-05-07 19:52:31', 1),
(1390, '103.189.201.9', 'oktariniarossaa@gmail.com', 33, '2023-05-07 20:15:29', 1),
(1391, '103.189.201.9', 'oktariniarossaa@gmail.com', 33, '2023-05-07 20:16:11', 1),
(1392, '103.31.240.12', 'oktariniarossaa@gmail.com', 33, '2023-05-07 21:03:38', 1),
(1393, '103.189.201.9', 'ardianita06@gmail.com', 6, '2023-05-07 22:46:32', 1),
(1394, '103.31.240.12', 'ardianita06@gmail.com', 6, '2023-05-07 23:05:44', 1),
(1395, '125.164.234.180', 'ardianita06@gmail.com', 6, '2023-05-08 05:04:10', 1),
(1396, '114.4.216.157', 'ardianita06@gmail.com', 6, '2023-05-08 05:17:48', 1),
(1397, '114.4.216.157', 'ardianita06@gmail.com', 6, '2023-05-08 06:39:44', 1),
(1398, '140.213.169.254', 'ardianitafzyh@gmail.com', 28, '2023-05-08 07:54:16', 1),
(1399, '140.213.169.254', 'muhammadhanifarafi@gmail.com', 29, '2023-05-08 07:55:04', 1),
(1400, '103.189.201.9', 'ardianita06@gmail.com', 6, '2023-05-08 08:05:28', 1),
(1401, '103.189.201.9', 'ardianita06@gmail.com', 6, '2023-05-08 08:05:30', 1),
(1402, '103.189.201.9', 'ardianita06@gmail.com', 6, '2023-05-08 08:05:36', 1),
(1403, '103.189.201.9', 'ardianita06@gmail.com', 6, '2023-05-08 08:05:37', 1),
(1404, '103.189.201.9', 'ardianita06@gmail.com', 6, '2023-05-08 08:05:37', 1),
(1405, '103.189.201.9', 'ardianita06@gmail.com', 6, '2023-05-08 08:05:38', 1),
(1406, '103.189.201.9', 'ardianita06@gmail.com', 6, '2023-05-08 08:05:38', 1),
(1407, '103.189.201.9', 'ardianita06@gmail.com', 6, '2023-05-08 08:05:39', 1),
(1408, '103.189.201.9', 'ardianita06@gmail.com', 6, '2023-05-08 08:05:41', 1),
(1409, '103.189.201.9', 'ardianita06@gmail.com', 6, '2023-05-08 08:05:41', 1),
(1410, '103.189.201.9', 'ardianita06@gmail.com', 6, '2023-05-08 08:05:42', 1),
(1411, '103.189.201.9', 'ardianita06@gmail.com', 6, '2023-05-08 08:05:45', 1),
(1412, '103.189.201.9', 'ardianita06@gmail.com', 6, '2023-05-08 08:05:46', 1),
(1413, '103.189.201.9', 'ardianita06@gmail.com', 6, '2023-05-08 08:05:46', 1),
(1414, '103.189.201.9', 'ardianita06@gmail.com', 6, '2023-05-08 08:05:54', 1),
(1415, '103.189.201.9', 'ardianita06@gmail.com', 6, '2023-05-08 08:05:56', 1),
(1416, '103.189.201.9', 'ardianita06@gmail.com', 6, '2023-05-08 08:05:58', 1),
(1417, '103.189.201.9', 'ardianita06@gmail.com', 6, '2023-05-08 08:05:59', 1),
(1418, '103.189.201.9', 'ardianita06@gmail.com', 6, '2023-05-08 08:05:59', 1),
(1419, '103.189.201.9', 'ardianita06@gmail.com', 6, '2023-05-08 08:05:59', 1),
(1420, '103.189.201.9', 'ardianita06@gmail.com', 6, '2023-05-08 08:06:00', 1),
(1421, '103.189.201.9', 'ardianita06@gmail.com', 6, '2023-05-08 08:06:00', 1),
(1422, '103.189.201.9', 'ardianita06@gmail.com', 6, '2023-05-08 08:06:01', 1),
(1423, '103.189.201.9', 'ardianita06@gmail.com', 6, '2023-05-08 08:06:01', 1),
(1424, '103.189.201.9', 'ardianita06@gmail.com', 6, '2023-05-08 08:06:02', 1),
(1425, '140.213.165.68', 'ardianita06@gmail.com', 6, '2023-05-08 08:13:19', 1),
(1426, '140.213.169.254', 'muhammadhanifarafi@gmail.com', 29, '2023-05-08 08:36:29', 1),
(1427, '140.213.165.68', 'lindarahmawati011001@gmail.com', NULL, '2023-05-08 08:36:35', 0),
(1428, '140.213.165.68', 'lindarahmawati011001@gmail.com', NULL, '2023-05-08 08:36:43', 0),
(1429, '140.213.165.68', 'ardianitafzyh@gmail.com', 28, '2023-05-08 08:39:05', 1),
(1430, '118.99.83.89', 'ardianita06@gmail.com', 6, '2023-05-08 09:11:03', 1),
(1431, '140.213.169.254', 'ardianita06@gmail.com', 6, '2023-05-08 09:18:03', 1),
(1432, '103.132.230.93', 'ardianita06@gmail.com', 6, '2023-05-08 09:30:37', 1),
(1433, '118.99.83.89', 'ahmadnurwakit@gmail.com', 44, '2023-05-08 09:52:56', 1),
(1434, '118.99.83.89', 'ahmadnurwakit@gmail.com', 44, '2023-05-08 10:01:23', 1),
(1435, '103.132.230.93', 'ardianita06@gmail.com', 6, '2023-05-08 10:13:39', 1),
(1436, '140.213.169.254', 'ardianita06@gmail.com', 6, '2023-05-08 10:24:44', 1),
(1437, '182.253.217.234', 'ardianita06@gmail.com', 6, '2023-05-08 11:39:38', 1),
(1438, '182.253.217.234', 'ardianita06@gmail.com', 6, '2023-05-08 11:39:41', 1),
(1439, '182.253.217.234', 'wibiatisekark@student.uns.ac.id', 34, '2023-05-08 11:40:19', 1),
(1440, '114.5.109.167', 'ardianita06@gmail.com', 6, '2023-05-08 11:48:10', 1),
(1441, '103.189.201.9', 'ardianita06@gmail.com', 6, '2023-05-08 12:05:13', 1),
(1442, '103.189.201.9', 'darmawan123@gmail.com', 41, '2023-05-08 13:55:09', 1),
(1443, '103.189.201.9', 'ardianita06@gmail.com', 6, '2023-05-08 14:51:10', 1),
(1444, '103.132.230.93', 'ardianita06@gmail.com', 6, '2023-05-08 15:02:49', 1),
(1445, '103.132.230.93', 'ardianita06@gmail.com', 6, '2023-05-08 15:02:51', 1),
(1446, '103.189.201.9', 'nazaruddin2002', NULL, '2023-05-08 15:14:46', 0),
(1447, '103.189.201.9', 'nazaruddin2002', NULL, '2023-05-08 15:15:20', 0),
(1448, '103.189.201.9', 'nazaruddin2002', NULL, '2023-05-08 15:20:09', 0),
(1449, '103.189.201.9', 'nazaruddin2002', NULL, '2023-05-08 15:22:14', 0),
(1450, '103.189.201.9', 'nazaruddin2002', NULL, '2023-05-08 15:26:36', 0),
(1451, '103.189.201.9', 'nazaruddin2002', NULL, '2023-05-08 15:42:22', 0),
(1452, '103.189.201.9', 'nazaruddin2002', NULL, '2023-05-08 15:42:32', 0),
(1453, '103.189.201.9', 'nazaruddin2002', NULL, '2023-05-08 15:42:54', 0),
(1454, '103.189.201.9', 'ardianita06@gmail.com', NULL, '2023-05-08 18:00:51', 0),
(1455, '103.189.201.9', 'ardianita06@gmail.com', 6, '2023-05-08 18:01:04', 1),
(1456, '103.189.201.9', 'darmawan123@gmail.com', 41, '2023-05-08 18:02:21', 1),
(1457, '103.189.201.9', 'ardianita06@gmail.com', 6, '2023-05-08 18:04:42', 1),
(1458, '103.189.201.9', 'muhammadhanifarafi@student.uns.ac.id', 23, '2023-05-08 18:05:26', 1),
(1459, '103.189.201.9', 'ardianita06@gmail.com', 6, '2023-05-08 18:06:38', 1),
(1460, '103.189.201.9', 'ardianita06@gmail.com', 6, '2023-05-08 18:17:36', 1),
(1461, '114.5.109.167', 'ardianita06@gmail.com', 6, '2023-05-08 20:01:28', 1),
(1462, '36.68.220.255', 'ardianita06@gmail.com', 6, '2023-05-08 20:55:25', 1),
(1463, '114.4.220.246', 'ardianita06@gmail.com', 6, '2023-05-08 21:08:07', 1),
(1464, '182.253.217.234', 'ardianita06@gmail.com', 6, '2023-05-08 21:14:28', 1),
(1465, '114.4.220.246', 'darmawan123@gmail.com', 41, '2023-05-08 21:14:56', 1),
(1466, '118.99.83.89', 'wibiatisekark@student.uns.ac.id', 34, '2023-05-08 21:15:48', 1),
(1467, '114.4.220.246', 'trisna123@gmail.com', 46, '2023-05-08 21:16:00', 1),
(1468, '182.253.217.234', 'wibiatisekark@student.uns.ac.id', 34, '2023-05-08 21:50:43', 1),
(1469, '118.99.83.89', 'wibiatisekark@student.uns.ac.id', 34, '2023-05-08 21:54:42', 1),
(1470, '203.78.117.59', 'ardianita06@gmail.com', 6, '2023-05-08 22:17:25', 1),
(1471, '114.5.109.167', 'ardianita06@gmail.com', 6, '2023-05-08 22:47:26', 1),
(1472, '203.78.117.59', 'lindarahmawati011001@gmail.com', 7, '2023-05-08 23:18:21', 1),
(1473, '182.253.217.234', 'wibiatisekark@student.uns.ac.id', 34, '2023-05-09 00:05:14', 1),
(1474, '182.253.217.234', 'ardianita06@gmail.com', 6, '2023-05-09 00:21:41', 1),
(1475, '203.78.117.59', 'lindarahmawati011001@gmail.com', 7, '2023-05-09 00:26:11', 1),
(1476, '140.213.168.228', 'ardianita06@gmail.com', 6, '2023-05-09 04:09:52', 1),
(1477, '140.213.162.7', 'ardianita06@gmail.com', 6, '2023-05-09 05:41:02', 1),
(1478, '103.189.201.9', 'ardianita06@gmail.com', 6, '2023-05-09 06:46:40', 1),
(1479, '103.189.201.9', 'trisna123@gmail.com', 46, '2023-05-09 06:47:18', 1),
(1480, '103.189.201.9', 'fajri2002', NULL, '2023-05-09 07:00:30', 0),
(1481, '103.189.201.9', 'muhammadhanifarafi@student.uns.ac.id', 23, '2023-05-09 07:00:47', 1),
(1482, '103.189.201.9', 'trisna123@gmail.com', 46, '2023-05-09 07:12:40', 1),
(1483, '103.189.201.9', 'darmawan123@gmail.com', 41, '2023-05-09 07:14:47', 1),
(1484, '103.189.201.9', 'trisna123@gmail.com', 46, '2023-05-09 07:15:58', 1),
(1485, '103.189.201.9', 'darmawan123@gmail.com', 41, '2023-05-09 07:16:40', 1),
(1486, '103.189.201.9', 'muhammadhanifarafi@student.uns.ac.id', 23, '2023-05-09 07:24:38', 1),
(1487, '103.189.201.9', 'ardianita06@gmail.com', 6, '2023-05-09 08:43:35', 1),
(1488, '103.189.201.9', 'ardianita06@gmail.com', 6, '2023-05-09 09:46:41', 1),
(1489, '103.189.201.9', 'ardianita06@gmail.com', 6, '2023-05-09 12:42:34', 1),
(1490, '182.253.217.234', 'wibiatisekark@gmail.com', NULL, '2023-05-09 12:49:45', 0),
(1491, '182.253.217.234', 'wibiatisekark@student.uns.ac.id', 34, '2023-05-09 12:50:01', 1),
(1492, '103.132.230.93', 'ardianita06@gmail.com', 6, '2023-05-09 14:09:54', 1),
(1493, '103.189.201.9', 'ardianita06@gmail.com', 6, '2023-05-09 14:41:27', 1),
(1494, '125.164.234.119', 'ardianita06@gmail.com', 6, '2023-05-09 17:21:32', 1),
(1495, '125.164.234.119', 'ardianita06@gmail.com', 6, '2023-05-09 17:21:33', 1),
(1496, '118.99.83.89', 'ardianita06@gmail.com', 6, '2023-05-09 19:46:50', 1),
(1497, '118.99.83.89', 'wibiatisekark@student.uns.ac.id', 34, '2023-05-09 19:48:17', 1),
(1498, '118.99.83.89', 'ahmadnurwakit@gmail.com', 44, '2023-05-09 19:54:32', 1),
(1499, '182.253.217.234', 'ahmadnurwakit@gmail.com', 44, '2023-05-09 19:57:39', 1),
(1500, '118.99.83.89', 'ardianita06@gmail.com', 6, '2023-05-09 19:59:34', 1),
(1501, '118.99.83.89', 'ahmadnurwakit@gmail.com', 44, '2023-05-09 20:00:12', 1),
(1502, '118.99.83.89', 'ahmadnurwakit@gmail.com', 44, '2023-05-09 20:10:40', 1),
(1503, '118.99.83.89', 'ahmadnurwakit@gmail.com', 44, '2023-05-09 20:11:49', 1),
(1504, '125.164.232.112', 'ardianita06@gmail.com', 6, '2023-05-09 20:15:57', 1),
(1505, '182.253.217.234', 'wibiatisekark@student.uns.ac.id', 34, '2023-05-09 20:20:02', 1),
(1506, '182.253.217.234', 'ardianita06@gmail.com', 6, '2023-05-09 21:22:05', 1),
(1507, '103.31.240.5', 'ardianita06@gmail.com', 6, '2023-05-09 21:55:18', 1),
(1508, '118.99.83.89', 'wibiatisekark@gmail.com', NULL, '2023-05-09 22:04:15', 0),
(1509, '118.99.83.89', 'wibiatisekark@student.uns.ac.id', 34, '2023-05-09 22:04:35', 1),
(1510, '118.99.83.89', 'ahmadnurwakit@gmail.com', 44, '2023-05-09 22:06:29', 1),
(1511, '182.253.217.234', 'ahmadnurwakit@gmail.com', 44, '2023-05-09 22:09:39', 1),
(1512, '118.99.83.89', 'ahmadnurwakit@gmail.com', 44, '2023-05-09 22:10:54', 1),
(1513, '182.253.217.234', 'ahmadnurwakit@gmail.com', 44, '2023-05-09 22:11:30', 1),
(1514, '182.253.217.234', 'ahmadnurwakit@gmail.com', 44, '2023-05-09 22:15:12', 1),
(1515, '182.253.217.234', 'ardianita06@gmail.com', 6, '2023-05-09 22:16:01', 1),
(1516, '182.253.217.234', 'ahmadnurwakit@gmail.com', 44, '2023-05-09 22:17:38', 1),
(1517, '182.253.217.234', 'hanifaja', NULL, '2023-05-09 22:21:50', 0),
(1518, '182.253.217.234', 'hanifaja', NULL, '2023-05-09 22:22:33', 0),
(1519, '182.253.217.234', 'hanifarafi7@gmail.com', NULL, '2023-05-09 22:22:51', 0),
(1520, '182.253.217.234', 'oktarinia', NULL, '2023-05-09 22:23:17', 0),
(1521, '182.253.217.234', 'ardianita06@gmail.com', 6, '2023-05-09 22:23:27', 1),
(1522, '182.253.217.234', 'ahmadnurwakit@gmail.com', 44, '2023-05-09 22:26:29', 1),
(1523, '182.253.217.234', 'hanifaja', NULL, '2023-05-09 22:27:48', 0),
(1524, '182.253.217.234', 'hanifaja', NULL, '2023-05-09 22:27:55', 0),
(1525, '182.253.217.234', 'muhammadhanifarafi@gmail.com', 29, '2023-05-09 22:28:40', 1),
(1526, '182.253.217.234', 'muhammadhanifarafi@gmail.com', 29, '2023-05-09 22:29:04', 1),
(1527, '182.253.217.234', 'muhammadhanifarafi@gmail.com', 29, '2023-05-09 22:30:37', 1),
(1528, '118.99.83.89', 'trisna123@gmail.com', 46, '2023-05-09 22:32:37', 1),
(1529, '118.99.83.89', 'trisna123@gmail.com', 46, '2023-05-09 22:33:52', 1),
(1530, '118.99.83.89', 'trisna123@gmail.com', 46, '2023-05-09 22:34:15', 1),
(1531, '118.99.83.89', 'trisna123@gmail.com', 46, '2023-05-09 22:35:11', 1),
(1532, '103.31.240.5', 'ardianita06@gmail.com', 6, '2023-05-09 23:20:21', 1),
(1533, '103.31.240.5', 'ardianita06@gmail.com', 6, '2023-05-09 23:20:22', 1),
(1534, '140.213.164.208', 'muhammadhanifarafi@gmail.com', 29, '2023-05-10 01:08:22', 1),
(1535, '125.164.232.112', 'ardianita06@gmail.com', 6, '2023-05-10 01:24:15', 1),
(1536, '103.189.201.9', 'ardianita06@gmail.com', 6, '2023-05-10 07:21:17', 1),
(1537, '103.189.201.9', 'lindarahmawati011001@gmail.com', NULL, '2023-05-10 07:21:32', 0),
(1538, '103.189.201.9', 'fajri2002', NULL, '2023-05-10 07:21:48', 0),
(1539, '103.189.201.9', 'muhammadhanifarafi@student.uns.ac.id', 23, '2023-05-10 07:21:56', 1),
(1540, '103.189.201.9', 'muhammadhanifarafi@student.uns.ac.id', 23, '2023-05-10 07:27:20', 1),
(1541, '103.189.201.9', 'ardianita06@gmail.com', 6, '2023-05-10 07:33:13', 1),
(1542, '103.189.201.9', 'darmawan123@gmail.com', 41, '2023-05-10 08:40:50', 1),
(1543, '103.189.201.9', 'ardianita06@gmail.com', 6, '2023-05-10 08:41:57', 1),
(1544, '103.189.201.9', 'nurazizul123@gmail.com', 48, '2023-05-10 08:43:33', 1),
(1545, '103.189.201.9', 'ardianita06@gmail.com', 6, '2023-05-10 08:44:18', 1),
(1546, '103.189.201.9', 'fajri2002', NULL, '2023-05-10 08:44:49', 0),
(1547, '103.189.201.9', 'fajri2002', NULL, '2023-05-10 08:44:56', 0),
(1548, '103.189.201.9', 'muhammadhanifarafi@student.uns.ac.id', 23, '2023-05-10 08:45:09', 1),
(1549, '140.213.170.133', 'muhammadhanifarafi@gmail.com', 29, '2023-05-10 08:47:21', 1),
(1550, '103.31.240.10', 'ardianita06@gmail.com', 6, '2023-05-10 08:50:04', 1),
(1551, '103.31.240.10', 'oktariniarossaa@gmail.com', 33, '2023-05-10 08:50:56', 1),
(1552, '140.213.164.208', 'ardianita06@gmail.com', 6, '2023-05-10 09:02:56', 1),
(1553, '103.132.230.93', 'ardianita06@gmail.com', 6, '2023-05-10 09:20:57', 1),
(1554, '36.73.116.83', 'muhammadhanifarafi@gmail.com', 29, '2023-05-10 11:49:49', 1),
(1555, '36.73.116.83', 'email@gmail.com', 36, '2023-05-10 12:42:27', 1),
(1556, '103.132.230.93', 'ardianita06@gmail.com', 6, '2023-05-10 12:45:08', 1),
(1557, '36.73.116.83', 'ardianitafzyh@gmail.com', 28, '2023-05-10 13:00:49', 1),
(1558, '103.31.240.10', 'ardianita06@gmail.com', 6, '2023-05-10 13:46:28', 1),
(1559, '103.31.240.10', 'muhammadhanifarafi@gmail.com', 29, '2023-05-10 14:08:46', 1),
(1560, '103.31.240.10', 'muhammadhanifarafi@gmail.com', 29, '2023-05-10 14:43:13', 1),
(1561, '125.164.232.85', 'wibiatisekark@student.uns.ac.id', 34, '2023-05-10 14:43:55', 1),
(1562, '125.164.232.85', 'ahmadnurwakit@gmail.com', 44, '2023-05-10 14:44:04', 1),
(1563, '103.31.240.10', 'ardianita06@gmail.com', 6, '2023-05-10 14:45:16', 1),
(1564, '114.5.109.167', 'ardianita06@gmail.com', 6, '2023-05-10 14:48:09', 1),
(1565, '125.164.232.85', 'ardianita06@gmail.com', 6, '2023-05-10 14:52:27', 1),
(1566, '125.164.232.85', 'ahmadnurwakit@gmail.com', 44, '2023-05-10 15:45:45', 1),
(1567, '125.164.232.112', 'ardianita06@gmail.com', NULL, '2023-05-10 16:11:29', 0),
(1568, '125.164.232.112', 'ardianita06@gmail.com', 6, '2023-05-10 16:11:43', 1),
(1569, '125.164.232.85', 'wibiatisekark@student.uns.ac.id', 34, '2023-05-10 16:43:25', 1),
(1570, '125.164.232.112', 'ardianita06@gmail.com', 6, '2023-05-10 16:55:04', 1),
(1571, '125.166.8.39', 'ardianita06@gmail.com', 6, '2023-05-10 17:34:14', 1),
(1572, '103.31.240.10', 'muhammadhanifarafi@gmail.com', 29, '2023-05-10 18:20:45', 1),
(1573, '125.164.232.112', 'ardianita06@gmail.com', 6, '2023-05-10 18:56:49', 1),
(1574, '125.166.8.39', 'ardianita06@gmail.com', 6, '2023-05-10 18:58:22', 1),
(1575, '125.164.232.112', 'ardianita06@gmail.com', 6, '2023-05-10 19:28:23', 1),
(1576, '125.166.8.39', 'ardianita06@gmail.com', 6, '2023-05-10 19:40:52', 1),
(1577, '182.253.217.157', 'ardianita06@gmail.com', 6, '2023-05-10 20:14:10', 1),
(1578, '125.164.232.112', 'ardianita06@gmail.com', 6, '2023-05-10 20:39:33', 1),
(1579, '103.31.240.10', 'ardianita06@gmail.com', 6, '2023-05-10 20:47:19', 1),
(1580, '182.253.217.157', 'wibiatisekark@student.uns.ac.id', 34, '2023-05-10 20:54:25', 1),
(1581, '118.99.83.93', 'ardianita06@gmail.com', 6, '2023-05-10 20:59:04', 1),
(1582, '103.189.201.9', 'ardianita06@gmail.com', 6, '2023-05-10 21:22:11', 1),
(1583, '182.253.217.157', 'ahmadnurwakit@gmail.com', 44, '2023-05-10 21:34:12', 1),
(1584, '103.31.240.10', 'ardianita06@gmail.com', 6, '2023-05-10 21:52:37', 1),
(1585, '103.189.201.9', 'ardianita06@gmail.com', 6, '2023-05-10 22:41:48', 1),
(1586, '103.189.201.9', 'ardianita06@gmail.com', 6, '2023-05-10 22:41:50', 1),
(1587, '118.99.83.93', 'wibiatisekark@student.uns.ac.id', 34, '2023-05-10 22:42:21', 1),
(1588, '182.253.217.157', 'ardianita06@gmail.com', 6, '2023-05-10 22:46:54', 1),
(1589, '103.189.201.9', 'ardianita06@gmail.com', 6, '2023-05-10 23:46:10', 1),
(1590, '103.189.201.9', 'muhammadhanifarafi@student.uns.ac.id', 23, '2023-05-11 00:59:26', 1),
(1591, '103.189.201.9', 'darmawan123@gmail.com', 41, '2023-05-11 01:11:45', 1),
(1592, '103.189.201.9', 'muhammadhanifarafi@student.uns.ac.id', 23, '2023-05-11 01:37:44', 1),
(1593, '103.189.201.9', 'ardianita06@gmail.com', 6, '2023-05-11 01:39:13', 1),
(1594, '103.189.201.9', 'ardianita06@gmail.com', 6, '2023-05-11 01:54:19', 1),
(1595, '103.189.201.9', 'ardianita06@gmail.com', 6, '2023-05-11 07:13:12', 1),
(1596, '120.188.80.221', 'wibiatisekark@student.uns.ac.id', 34, '2023-05-11 12:00:40', 1),
(1597, '120.188.80.221', 'ahmadnurwakit@gmail.com', 44, '2023-05-11 12:00:52', 1),
(1598, '120.188.80.221', 'ahmadnurwakit@gmail.com', 44, '2023-05-11 12:33:03', 1),
(1599, '120.188.80.221', 'wibiatisekark@student.uns.ac.id', 34, '2023-05-11 12:33:10', 1),
(1600, '118.99.83.93', 'ahmadnurwakit@gmail.com', 44, '2023-05-11 13:29:49', 1),
(1601, '103.189.201.9', 'ardianita06@gmail.com', 6, '2023-05-11 13:35:21', 1),
(1602, '182.253.217.245', 'ahmadnurwakit@gmail.com', 44, '2023-05-11 13:48:59', 1),
(1603, '182.253.217.245', 'wibiatisekark@student.uns.ac.id', 34, '2023-05-11 13:55:59', 1),
(1604, '103.189.201.9', 'darmawan123@gmail.com', 41, '2023-05-11 13:57:35', 1),
(1605, '120.188.80.221', 'ahmadnurwakit@gmail.com', 44, '2023-05-11 14:07:21', 1),
(1606, '103.31.240.10', 'ardianita06@gmail.com', 6, '2023-05-11 15:20:33', 1),
(1607, '125.164.234.170', 'hanifarafi7@gmail.com', NULL, '2023-05-11 15:47:39', 0),
(1608, '125.164.234.170', 'hanifarafi7@gmail.com', NULL, '2023-05-11 15:47:59', 0),
(1609, '125.164.234.170', 'ardianita06@gmail.com', 6, '2023-05-11 15:48:38', 1),
(1610, '125.164.234.170', 'hanifarafi7@gmail.com', NULL, '2023-05-11 16:01:50', 0),
(1611, '125.164.234.170', 'hanifarafi7@gmail.com', NULL, '2023-05-11 16:02:17', 0),
(1612, '125.164.234.170', 'ardianita06@gmail.com', 6, '2023-05-11 16:02:36', 1),
(1613, '125.164.234.170', 'lindarahmawati011001@gmail.com', NULL, '2023-05-11 16:28:53', 0),
(1614, '125.164.234.170', 'lindarahmawati011001@gmail.com', NULL, '2023-05-11 16:29:11', 0),
(1615, '125.164.234.170', 'lindarahmawati011001@gmail.com', NULL, '2023-05-11 16:29:13', 0),
(1616, '114.5.109.167', 'ardianita06@gmail.com', 6, '2023-05-11 17:39:39', 1),
(1617, '125.164.234.170', 'hanifarafi7@gmail.com', NULL, '2023-05-11 17:50:03', 0),
(1618, '125.164.234.170', 'ardianita06@gmail.com', 6, '2023-05-11 17:50:28', 1),
(1619, '125.164.234.170', 'ardianita06@gmail.com', 6, '2023-05-11 17:50:30', 1),
(1620, '125.164.234.170', 'lindarahmawati011001@gmail.com', NULL, '2023-05-11 17:52:22', 0),
(1621, '103.31.240.10', 'muhammadhanifarafi@gmail.com', 29, '2023-05-11 17:53:03', 1),
(1622, '103.31.240.10', 'ardianita06@gmail.com', 6, '2023-05-11 17:56:06', 1),
(1623, '140.213.169.148', 'muhammadhanifarafi@gmail.com', 29, '2023-05-11 18:28:39', 1),
(1624, '140.213.163.65', 'ardianita06@gmail.com', 6, '2023-05-11 18:31:10', 1),
(1625, '114.5.109.167', 'ardianita06@gmail.com', 6, '2023-05-11 18:32:32', 1),
(1626, '114.5.109.167', 'ardianita06@gmail.com', 6, '2023-05-11 18:34:34', 1),
(1627, '103.31.240.10', 'muhammadhanifarafi@gmail.com', 29, '2023-05-11 18:44:38', 1),
(1628, '103.31.240.10', 'ardianita06@gmail.com', 6, '2023-05-11 18:48:40', 1),
(1629, '114.5.109.167', 'ardianita06@gmail.com', 6, '2023-05-11 19:47:20', 1),
(1630, '103.31.240.10', 'muhammadhanifarafi@gmail.com', 29, '2023-05-11 19:53:28', 1),
(1631, '103.31.240.10', 'ardianita06@gmail.com', 6, '2023-05-11 20:22:12', 1),
(1632, '125.164.235.167', 'ardianita06@gmail.com', 6, '2023-05-11 20:33:08', 1),
(1633, '114.5.109.167', 'ardianita06@gmail.com', 6, '2023-05-11 20:57:48', 1),
(1634, '103.31.240.10', 'ardianita06@gmail.com', 6, '2023-05-11 22:03:03', 1),
(1635, '103.31.240.10', 'ardianita06@gmail.com', 6, '2023-05-11 22:03:04', 1),
(1636, '103.31.240.10', 'oktariniarossaa@gmail.com', 33, '2023-05-11 22:50:37', 1),
(1637, '103.31.240.10', 'ardianita06@gmail.com', 6, '2023-05-11 23:23:13', 1),
(1638, '103.189.201.9', 'ardianita06@gmail.com', 6, '2023-05-12 07:54:39', 1),
(1639, '140.213.169.148', 'ardianita06@gmail.com', 6, '2023-05-12 07:56:18', 1),
(1640, '103.189.201.9', 'ardianita06@gmail.com', 6, '2023-05-12 08:35:17', 1),
(1641, '114.5.109.167', 'ardianita06@gmail.com', 6, '2023-05-12 09:03:17', 1),
(1642, '114.5.109.167', 'ardianita06@gmail.com', 6, '2023-05-12 10:15:25', 1),
(1643, '125.164.232.85', 'ahmadnurwakit@gmail.com', 44, '2023-05-12 10:16:55', 1),
(1644, '103.189.201.9', 'ardianita06@gmail.com', 6, '2023-05-12 10:40:45', 1),
(1645, '125.164.232.85', 'ardianita06@gmail.com', 6, '2023-05-12 11:04:17', 1),
(1646, '125.164.232.85', 'wibiatisekark@student.uns.ac.id', NULL, '2023-05-12 11:13:58', 0),
(1647, '125.164.232.85', 'wibiatisekark@student.uns.ac.id', 34, '2023-05-12 11:14:11', 1),
(1648, '125.164.232.85', 'ardianita06@gmail.com', 6, '2023-05-12 11:14:47', 1),
(1649, '125.164.232.85', 'ahmadnurwakit@gmail.com', 44, '2023-05-12 11:39:16', 1),
(1650, '125.164.232.85', 'ardianita06@gmail.com', 6, '2023-05-12 12:20:12', 1),
(1651, '125.164.232.85', 'wibiatisekark@student.uns.ac.id', 34, '2023-05-12 12:31:23', 1),
(1652, '125.164.232.85', 'ahmadnurwakit@gmail.com', 44, '2023-05-12 12:31:34', 1),
(1653, '125.164.232.85', 'wibiatisekark@student.uns.ac.id', 34, '2023-05-12 13:08:47', 1),
(1654, '125.164.232.85', 'ahmadnurwakit@gmail.com', 44, '2023-05-12 13:23:00', 1),
(1655, '125.164.232.85', 'trisna123@gmail.com', 46, '2023-05-12 13:27:40', 1),
(1656, '125.164.232.85', 'ardianita06@gmail.com', 6, '2023-05-12 13:30:22', 1),
(1657, '103.132.230.93', 'ardianita06@gmail.com', 6, '2023-05-12 13:33:09', 1),
(1658, '103.132.230.93', 'ardianita06@gmail.com', 6, '2023-05-12 13:33:15', 1),
(1659, '125.164.234.170', 'muhammadhanifarafi@student.uns.ac.id', 23, '2023-05-12 13:55:44', 1),
(1660, '125.164.234.170', 'darmawan123@gmail.com', 41, '2023-05-12 13:57:57', 1),
(1661, '125.164.232.85', 'ardianita06@gmail.com', NULL, '2023-05-12 14:08:23', 0),
(1662, '125.164.232.85', 'ardianita06@gmail.com', NULL, '2023-05-12 14:08:25', 0),
(1663, '125.164.232.85', 'ardianita06@gmail.com', NULL, '2023-05-12 14:08:30', 0),
(1664, '125.164.232.85', 'ardianita06@gmail.com', NULL, '2023-05-12 14:08:32', 0),
(1665, '125.164.232.85', 'ardianita06@gmail.com', NULL, '2023-05-12 14:08:33', 0),
(1666, '125.164.232.85', 'ardianita06@gmail.com', NULL, '2023-05-12 14:08:41', 0),
(1667, '125.164.232.85', 'ardianita06@gmail.com', NULL, '2023-05-12 14:08:41', 0),
(1668, '125.164.232.85', 'ardianita06@gmail.com', NULL, '2023-05-12 14:08:42', 0),
(1669, '125.164.232.85', 'ardianita06@gmail.com', NULL, '2023-05-12 14:08:44', 0),
(1670, '125.164.232.85', 'ardianita06@gmail.com', NULL, '2023-05-12 14:08:45', 0),
(1671, '125.164.232.85', 'ardianita06@gmail.com', NULL, '2023-05-12 14:08:45', 0),
(1672, '125.164.232.85', 'ardianita06@gmail.com', NULL, '2023-05-12 14:08:46', 0),
(1673, '125.164.232.85', 'ardianita06@gmail.com', NULL, '2023-05-12 14:08:46', 0),
(1674, '125.164.232.85', 'ardianita06@gmail.com', NULL, '2023-05-12 14:08:47', 0),
(1675, '125.164.232.85', 'ardianita06@gmail.com', NULL, '2023-05-12 14:08:47', 0),
(1676, '125.164.232.85', 'ardianita06@gmail.com', NULL, '2023-05-12 14:08:48', 0),
(1677, '125.164.232.85', 'ardianita06@gmail.com', NULL, '2023-05-12 14:08:48', 0),
(1678, '125.164.232.85', 'ardianita06@gmail.com', NULL, '2023-05-12 14:08:49', 0),
(1679, '125.164.232.85', 'ardianita06@gmail.com', NULL, '2023-05-12 14:08:49', 0),
(1680, '125.164.232.85', 'ardianita06@gmail.com', NULL, '2023-05-12 14:08:50', 0),
(1681, '125.164.232.85', 'ardianita06@gmail.com', NULL, '2023-05-12 14:08:51', 0),
(1682, '125.164.232.85', 'muhammadhanifarafi@gmail.com', 29, '2023-05-12 14:10:54', 1),
(1683, '125.164.232.85', 'ardianita06@gmail.com', 6, '2023-05-12 14:14:32', 1),
(1684, '125.164.232.85', 'muhammadhanifarafi@gmail.com', 29, '2023-05-12 14:17:04', 1),
(1685, '125.164.232.85', 'ardianita06@gmail.com', 6, '2023-05-12 14:20:23', 1),
(1686, '125.164.232.85', 'trisna123@gmail.com', 46, '2023-05-12 14:27:29', 1),
(1687, '125.164.232.85', 'ardianita06@gmail.com', 6, '2023-05-12 15:18:35', 1),
(1688, '103.189.201.9', 'ardianita06@gmail.com', 6, '2023-05-12 16:59:34', 1),
(1689, '114.5.109.167', 'ardianita06@gmail.com', 6, '2023-05-12 17:53:48', 1),
(1690, '103.189.201.9', 'ardianita06@gmail.com', 6, '2023-05-12 18:23:06', 1),
(1691, '103.189.201.9', 'ardianita06@gmail.com', 6, '2023-05-12 18:23:09', 1),
(1692, '103.184.180.97', 'ardianita06@gmail.com', 6, '2023-05-12 18:38:13', 1),
(1693, '140.213.165.5', 'ardianita06@gmail.com', 6, '2023-05-12 19:40:34', 1),
(1694, '140.213.173.185', 'email@gmail.com', NULL, '2023-05-12 19:48:52', 0),
(1695, '140.213.173.185', 'indigo12', NULL, '2023-05-12 19:49:07', 0),
(1696, '140.213.165.5', 'indigo12', NULL, '2023-05-12 19:50:11', 0),
(1697, '140.213.165.5', 'email@gmail.com', 36, '2023-05-12 19:50:25', 1),
(1698, '140.213.173.185', 'email@gmail.com', 36, '2023-05-12 20:14:49', 1),
(1699, '140.213.173.185', 'indigo12', NULL, '2023-05-12 20:15:07', 0),
(1700, '203.190.44.173', 'ardianita06@gmail.com', 6, '2023-05-12 21:24:04', 1),
(1701, '140.213.165.5', 'ardianita06@gmail.com', 6, '2023-05-12 21:24:51', 1),
(1702, '140.213.165.5', 'admin@gmail.com', 50, '2023-05-12 21:34:30', 1),
(1703, '140.213.173.185', 'email@gmail.com', 36, '2023-05-12 21:34:53', 1),
(1704, '140.213.165.5', 'muhammadhanifarafi@gmail.com', 29, '2023-05-12 21:44:50', 1),
(1705, '203.190.44.173', 'ardianita06@gmail.com', 6, '2023-05-12 22:17:38', 1),
(1706, '103.189.201.9', 'ardianita06@gmail.com', NULL, '2023-05-13 06:40:27', 0),
(1707, '103.189.201.9', 'ardianita06@gmail.com', 6, '2023-05-13 06:40:36', 1),
(1708, '103.189.201.9', 'darmawan123@gmail.com', 41, '2023-05-13 06:42:30', 1),
(1709, '103.189.201.9', 'trisna123@gmail.com', 46, '2023-05-13 06:43:26', 1),
(1710, '103.189.201.9', 'trisna123@gmail.com', 46, '2023-05-13 06:43:28', 1),
(1711, '103.189.201.9', 'trisna123@gmail.com', 46, '2023-05-13 06:43:28', 1),
(1712, '103.189.201.9', 'ardianita06@gmail.com', 6, '2023-05-13 07:07:44', 1),
(1713, '114.5.109.167', 'ardianita06@gmail.com', 6, '2023-05-13 08:06:00', 1),
(1714, '103.189.201.9', 'ardianita06@gmail.com', NULL, '2023-05-13 08:10:10', 0),
(1715, '103.189.201.9', 'ardianita06@gmail.com', 6, '2023-05-13 08:10:19', 1),
(1716, '125.164.234.170', 'ardianita06@gmail.com', 6, '2023-05-13 08:20:21', 1),
(1717, '114.5.109.167', 'ardianita06@gmail.com', 6, '2023-05-13 08:53:17', 1),
(1718, '103.189.201.9', 'ardianita06@gmail.com', 6, '2023-05-13 09:32:16', 1),
(1719, '114.5.109.167', 'ardianita06@gmail.com', 6, '2023-05-13 09:32:19', 1),
(1720, '103.189.201.9', 'ardianita06@gmail.com', 6, '2023-05-13 09:32:20', 1),
(1721, '114.5.109.167', 'ardianita06@gmail.com', 6, '2023-05-13 10:47:50', 1),
(1722, '114.5.109.167', 'ardianita06@gmail.com', 6, '2023-05-13 10:47:51', 1),
(1723, '182.253.217.245', 'wibiatisekark@student.uns.ac.id', 34, '2023-05-13 11:06:49', 1),
(1724, '125.164.234.119', 'ardianita06@gmail.com', 6, '2023-05-13 11:27:43', 1),
(1725, '103.189.201.9', 'ardianita06@gmail.com', 6, '2023-05-13 11:49:03', 1),
(1726, '103.189.201.9', 'ardianita06@gmail.com', 6, '2023-05-13 11:49:06', 1),
(1727, '103.189.201.9', 'ardianita06@gmail.com', 6, '2023-05-13 11:49:10', 1),
(1728, '103.189.201.9', 'ardianita06@gmail.com', 6, '2023-05-13 12:21:06', 1),
(1729, '125.164.234.119', 'ardianita06@gmail.com', 6, '2023-05-13 12:29:53', 1),
(1730, '103.189.201.9', 'ardianita06@gmail.com', 6, '2023-05-13 15:44:51', 1),
(1731, '140.213.175.172', 'ardianita06@gmail.com', 6, '2023-05-13 18:44:27', 1),
(1732, '140.213.175.172', 'admin@gmail.com', 50, '2023-05-13 18:48:56', 1),
(1733, '112.215.242.127', 'ardianita06@gmail.com', 6, '2023-05-13 19:00:40', 1),
(1734, '103.31.240.10', 'ardianita06@gmail.com', 6, '2023-05-13 19:16:47', 1),
(1735, '114.5.109.167', 'ardianita06@gmail.com', 6, '2023-05-13 19:45:56', 1),
(1736, '112.215.242.127', 'ardianita06@gmail.com', 6, '2023-05-13 19:51:57', 1),
(1737, '112.215.242.127', 'ardianita06@gmail.com', 6, '2023-05-13 19:52:00', 1),
(1738, '103.31.240.10', 'dispusipmadiun', NULL, '2023-05-13 20:28:16', 0),
(1739, '140.213.175.172', 'kmm1', NULL, '2023-05-13 20:28:44', 0),
(1740, '140.213.175.172', 'kmm1', NULL, '2023-05-13 20:28:56', 0),
(1741, '103.31.240.10', 'dispusipmadiun', NULL, '2023-05-13 20:29:04', 0),
(1742, '140.213.175.172', 'email@gmail.com', 36, '2023-05-13 20:29:15', 1),
(1743, '103.31.240.10', 'ardianita06@gmail.com', 6, '2023-05-13 20:30:18', 1),
(1744, '103.31.240.10', 'dispusipmadiun', NULL, '2023-05-13 20:31:58', 0),
(1745, '103.31.240.10', 'perpuskabmadiun@gmail.com', NULL, '2023-05-13 20:32:17', 0),
(1746, '103.31.240.10', 'ardianita06@gmail.com', 6, '2023-05-13 20:34:33', 1),
(1747, '103.31.240.10', 'mitra1', NULL, '2023-05-13 20:35:57', 0),
(1748, '140.213.163.220', 'indigo1', NULL, '2023-05-13 20:37:28', 0),
(1749, '140.213.163.220', 'email@gmail.com', 36, '2023-05-13 20:38:04', 1),
(1750, '103.189.201.9', 'mitra1@gmail.com', 51, '2023-05-13 20:49:23', 1),
(1751, '103.31.240.10', 'mitra1@gmail.com', 51, '2023-05-13 20:49:49', 1),
(1752, '103.189.201.9', 'ardianita06@gmail.com', 6, '2023-05-13 20:55:29', 1),
(1753, '112.215.242.127', 'ardianita06@gmail.com', 6, '2023-05-13 21:17:32', 1),
(1754, '114.5.109.167', 'ardianita06@gmail.com', 6, '2023-05-13 21:19:45', 1),
(1755, '103.31.240.10', 'mitra1@gmail.com', 51, '2023-05-13 21:21:41', 1),
(1756, '114.5.109.167', 'ardianita06@gmail.com', 6, '2023-05-13 21:52:34', 1),
(1757, '112.215.242.127', 'ardianita06@gmail.com', 6, '2023-05-13 22:04:31', 1),
(1758, '114.5.109.167', 'ardianita06@gmail.com', 6, '2023-05-13 23:19:55', 1),
(1759, '114.5.109.167', 'ardianita06@gmail.com', 6, '2023-05-14 00:39:12', 1),
(1760, '103.189.201.9', 'ardianita06@gmail.com', 6, '2023-05-14 06:17:42', 1),
(1761, '114.5.244.184', 'ardianita06@gmail.com', 6, '2023-05-14 06:57:10', 1),
(1762, '140.213.163.220', 'ardianita06@gmail.com', 6, '2023-05-14 06:58:36', 1),
(1763, '140.213.175.172', 'oktariniarossaa@gmail.com', 33, '2023-05-14 07:37:58', 1),
(1764, '140.213.175.172', 'muhammadhanifarafi@gmail.com', 29, '2023-05-14 07:39:35', 1),
(1765, '114.5.244.184', 'ardianita06@gmail.com', 6, '2023-05-14 08:11:46', 1),
(1766, '125.164.232.223', 'ardianita06@gmail.com', 6, '2023-05-14 11:01:37', 1),
(1767, '125.164.234.31', 'ardianita06@gmail.com', 6, '2023-05-14 12:46:28', 1),
(1768, '125.164.234.31', 'ardianita06@gmail.com', 6, '2023-05-14 12:46:29', 1),
(1769, '125.164.234.31', 'ardianita06@gmail.com', 6, '2023-05-14 12:46:30', 1),
(1770, '125.164.234.31', 'ardianita06@gmail.com', 6, '2023-05-14 12:46:31', 1),
(1771, '125.164.234.31', 'ardianita06@gmail.com', 6, '2023-05-14 12:46:32', 1),
(1772, '125.164.234.31', 'ardianita06@gmail.com', 6, '2023-05-14 12:46:33', 1),
(1773, '125.164.234.31', 'ardianita06@gmail.com', 6, '2023-05-14 12:46:34', 1),
(1774, '125.164.234.31', 'ardianita06@gmail.com', 6, '2023-05-14 12:46:34', 1),
(1775, '140.213.219.141', 'ardianita06@gmail.com', 6, '2023-05-14 14:32:20', 1),
(1776, '140.213.175.92', 'yeiko123', NULL, '2023-05-14 14:44:39', 0),
(1777, '140.213.175.92', 'muhammadhanifarafi@gmail.com', 29, '2023-05-14 14:44:56', 1),
(1778, '140.213.219.141', 'ardianita06@gmail.com', 6, '2023-05-14 15:10:03', 1),
(1779, '125.164.235.167', 'lindarahmawati011001@gmail.com', NULL, '2023-05-14 15:15:03', 0),
(1780, '125.164.235.167', 'lindarahmawati011001@gmail.com', NULL, '2023-05-14 15:15:26', 0),
(1781, '125.164.235.167', 'lindarahmawati011001@gmail.com', NULL, '2023-05-14 15:16:02', 0),
(1782, '125.164.235.167', 'ardianita06@gmail.com', 6, '2023-05-14 15:18:26', 1),
(1783, '140.213.219.141', 'lindarahmawati011001@gmail.com', 7, '2023-05-14 15:19:43', 1),
(1784, '140.213.219.141', 'lindarahmawati011001@gmail.com', 7, '2023-05-14 15:20:00', 1),
(1785, '140.213.219.141', 'lindarahmawati011001@gmail.com', 7, '2023-05-14 15:20:03', 1),
(1786, '140.213.219.141', 'lindarahmawati011001@gmail.com', 7, '2023-05-14 15:20:07', 1),
(1787, '140.213.219.141', 'lindarahmawati011001@gmail.com', 7, '2023-05-14 15:20:24', 1),
(1788, '125.164.235.167', 'muhammadhanifarafi@student.uns.ac.id', 23, '2023-05-14 15:22:58', 1),
(1789, '140.213.167.57', 'oktariniarossaa@gmail.com', 33, '2023-05-14 15:51:38', 1),
(1790, '103.189.201.9', 'ardianita06@gmail.com', 6, '2023-05-14 15:55:16', 1),
(1791, '140.213.219.253', 'ardianita06@gmail.com', 6, '2023-05-14 16:54:15', 1),
(1792, '125.164.235.167', 'muhammadhanifarafi@student.uns.ac.id', 23, '2023-05-14 17:05:59', 1),
(1793, '140.213.167.57', 'muhammadhanifarafi@gmail.com', 29, '2023-05-14 17:11:41', 1),
(1794, '125.166.8.189', 'muhammadhanifarafi@student.uns.ac.id', 23, '2023-05-14 17:42:04', 1),
(1795, '103.31.240.10', 'oktariniarossaa@gmail.com', 33, '2023-05-14 17:48:51', 1),
(1796, '103.31.240.10', 'ardianita06@gmail.com', 6, '2023-05-14 17:55:15', 1),
(1797, '103.189.201.9', 'ardianita06@gmail.com', 6, '2023-05-14 18:08:05', 1),
(1798, '125.166.8.189', 'muhammadhanifarafi@student.uns.ac.id', 23, '2023-05-14 18:15:58', 1),
(1799, '125.166.8.189', 'ardianita06@gmail.com', 6, '2023-05-14 18:29:03', 1),
(1800, '118.99.83.93', 'ahmadnurwakit@gmail.com', 44, '2023-05-14 18:55:59', 1),
(1801, '182.253.217.245', 'wibiatisekark@student.uns.ac.id', 34, '2023-05-14 18:56:34', 1),
(1802, '182.253.217.245', 'ardianita06@gmail.com', 6, '2023-05-14 18:58:26', 1),
(1803, '103.31.240.10', 'ardianita06@gmail.com', 6, '2023-05-14 19:19:49', 1),
(1804, '103.189.201.9', 'ardianita06@gmail.com', 6, '2023-05-14 19:22:54', 1),
(1805, '118.99.83.93', 'ahmadnurwakit@gmail.com', 44, '2023-05-14 19:49:01', 1),
(1806, '125.166.8.189', 'ardianita06@gmail.com', 6, '2023-05-14 19:50:36', 1),
(1807, '140.213.167.57', 'muhammadhanifarafi@gmail.com', 29, '2023-05-14 20:30:17', 1),
(1808, '140.213.167.57', 'email@gmail.com', 36, '2023-05-14 20:34:52', 1),
(1809, '182.253.217.245', 'ahmadnurwakit@gmail.com', 44, '2023-05-14 20:36:13', 1),
(1810, '118.99.83.93', 'ardianita06@gmail.com', 6, '2023-05-14 20:43:16', 1),
(1811, '125.166.8.189', 'ardianita06@gmail.com', 6, '2023-05-14 20:52:18', 1),
(1812, '114.4.218.142', 'ardianita06@gmail.com', 6, '2023-05-14 21:01:47', 1),
(1813, '103.31.240.10', 'ardianita06@gmail.com', 6, '2023-05-14 21:02:52', 1),
(1814, '140.213.219.253', 'ardianita06@gmail.com', 6, '2023-05-14 21:22:00', 1),
(1815, '118.99.83.93', 'ardianita06@gmail.com', 6, '2023-05-14 21:28:22', 1),
(1816, '118.99.83.93', 'ardianita06@gmail.com', 6, '2023-05-14 21:28:33', 1),
(1817, '140.213.219.253', 'lindarahmawati011001@gmail.com', 7, '2023-05-14 21:33:46', 1),
(1818, '103.31.240.10', 'ardianita06@gmail.com', 6, '2023-05-14 21:34:17', 1),
(1819, '140.213.219.253', 'lindarahmawati011001@gmail.com', 7, '2023-05-14 21:42:20', 1),
(1820, '140.213.175.92', 'ardianita06@gmail.com', 6, '2023-05-14 21:51:38', 1),
(1821, '118.99.83.93', 'ahmadnurwakit@gmail.com', 44, '2023-05-14 21:53:27', 1),
(1822, '140.213.219.253', 'muhammadhanifarafi@gmail.com', 29, '2023-05-14 22:05:25', 1),
(1823, '140.213.219.253', 'ardianita06@gmail.com', 6, '2023-05-14 22:09:58', 1),
(1824, '114.4.218.142', 'ardianita06@gmail.com', 6, '2023-05-14 22:12:15', 1),
(1825, '182.253.217.245', 'wibiatisekark@student.uns.ac.id', 34, '2023-05-14 22:17:28', 1),
(1826, '140.213.219.253', 'Linda', NULL, '2023-05-14 22:28:29', 0),
(1827, '140.213.219.253', 'lindarahmawati011001@gmail.com', 7, '2023-05-14 22:28:37', 1),
(1828, '140.213.167.57', 'muhammadhanifarafi@gmail.com', 29, '2023-05-14 22:31:53', 1),
(1829, '140.213.219.253', 'muhammadhanifarafi@gmail.com', 29, '2023-05-14 22:35:43', 1),
(1830, '140.213.219.253', 'nitt', NULL, '2023-05-14 22:40:00', 0),
(1831, '140.213.219.253', 'ardianita06@gmail.com', 6, '2023-05-14 22:40:09', 1),
(1832, '140.213.167.57', 'ardianita06@gmail.com', 6, '2023-05-14 22:59:53', 1),
(1833, '182.253.217.245', 'wibiatisekark@student.uns.ac.id', 34, '2023-05-14 23:16:54', 1),
(1834, '182.253.217.245', 'ardianita06@gmail.com', 6, '2023-05-14 23:18:51', 1),
(1835, '140.213.167.57', 'ardianitafzyh@gmail.com', 28, '2023-05-15 01:00:05', 1),
(1836, '125.166.8.189', 'ardianita06@gmail.com', 6, '2023-05-15 01:02:53', 1),
(1837, '103.189.201.9', 'ardianita06@gmail.com', 6, '2023-05-15 05:19:57', 1),
(1838, '103.189.201.9', 'darmawan123@gmail.com', 41, '2023-05-15 05:38:29', 1),
(1839, '140.213.175.92', 'ardianita06@gmail.com', 6, '2023-05-15 05:50:57', 1),
(1840, '103.189.201.9', 'ardianita06@gmail.com', 6, '2023-05-15 05:53:39', 1),
(1841, '140.213.175.92', 'ardianitafzyh@gmail.com', 28, '2023-05-15 05:53:44', 1),
(1842, '140.213.167.57', 'muhammadhanifarafi@gmail.com', 29, '2023-05-15 06:32:09', 1),
(1843, '140.213.167.57', 'ardianita06@gmail.com', 6, '2023-05-15 06:44:48', 1),
(1844, '103.189.201.9', 'ardianita06@gmail.com', 6, '2023-05-15 06:49:53', 1),
(1845, '140.213.167.57', 'oktariniarossaa@gmail.com', 33, '2023-05-15 06:52:12', 1),
(1846, '140.213.167.57', 'ardianitafzyh@gmail.com', 28, '2023-05-15 07:06:50', 1),
(1847, '103.189.201.9', 'ardianita06@gmail.com', 6, '2023-05-15 08:25:41', 1),
(1848, '140.213.167.57', 'ardianitafzyh@gmail.com', 28, '2023-05-15 09:08:00', 1),
(1849, '140.213.175.92', 'muhammadhanifarafi@gmail.com', 29, '2023-05-15 09:10:47', 1),
(1850, '140.213.175.92', 'kmm1', NULL, '2023-05-15 09:54:42', 0),
(1851, '140.213.175.92', 'email@gmail.com', 36, '2023-05-15 09:54:55', 1),
(1852, '112.215.241.24', 'ardianita06@gmail.com', 6, '2023-05-15 10:09:52', 1),
(1853, '140.213.175.92', 'ardianitafzyh@gmail.com', 28, '2023-05-15 10:19:30', 1),
(1854, '140.213.167.229', 'muhammadhanifarafi@gmail.com', 29, '2023-05-15 10:32:05', 1),
(1855, '182.253.217.245', 'ardianita06@gmail.com', 6, '2023-05-15 10:38:38', 1),
(1856, '182.253.217.245', 'wibiatisekark@student.uns.ac.id', 34, '2023-05-15 10:39:41', 1),
(1857, '140.213.167.229', 'ardianita06@gmail.com', 6, '2023-05-15 10:44:40', 1),
(1858, '118.99.83.93', 'ahmadnurwakit@gmail.com', 44, '2023-05-15 10:44:56', 1),
(1859, '140.213.167.229', 'muhammadhanifarafi@gmail.com', 29, '2023-05-15 10:45:34', 1),
(1860, '182.253.217.245', 'ardianita06@gmail.com', 6, '2023-05-15 10:49:18', 1),
(1861, '118.99.83.93', 'ardianita06@gmail.com', 6, '2023-05-15 11:22:01', 1),
(1862, '103.189.201.9', 'ardianita06@gmail.com', 6, '2023-05-15 11:23:46', 1),
(1863, '125.164.233.154', 'muhammadhanifarafi@student.uns.ac.id', 23, '2023-05-15 12:07:02', 1),
(1864, '125.164.233.154', 'ardianita06@gmail.com', 6, '2023-05-15 12:09:56', 1),
(1865, '125.164.233.154', 'darmawan123@gmail.com', 41, '2023-05-15 12:12:45', 1),
(1866, '114.4.221.100', 'ardianita06@gmail.com', 6, '2023-05-15 12:42:24', 1),
(1867, '118.99.83.93', 'ardianita06@gmail.com', 6, '2023-05-15 12:43:10', 1),
(1868, '103.189.201.9', 'ardianita06@gmail.com', 6, '2023-05-15 14:18:58', 1),
(1869, '114.4.221.100', 'ardianita06@gmail.com', 6, '2023-05-15 14:36:53', 1),
(1870, '103.31.240.10', 'ardianita06@gmail.com', 6, '2023-05-15 15:42:42', 1),
(1871, '103.189.201.9', 'ardianita06@gmail.com', 6, '2023-05-15 16:10:26', 1),
(1872, '103.189.201.9', 'darmawan123@gmail.com', 41, '2023-05-15 16:13:01', 1),
(1873, '103.189.201.9', 'darmawan123@gmail.com', 41, '2023-05-15 16:13:04', 1),
(1874, '103.160.184.8', 'ardianita06@gmail.com', 6, '2023-05-15 17:14:50', 1),
(1875, '103.189.201.9', 'ardianita06@gmail.com', 6, '2023-05-15 17:48:38', 1),
(1876, '103.189.201.9', 'hanifarafi7@gmail.com', 3, '2023-05-15 17:51:03', 1),
(1877, '103.189.201.9', 'ardianita06@gmail.com', 6, '2023-05-15 18:01:30', 1),
(1878, '103.189.201.9', 'hanifarafi7@gmail.com', 3, '2023-05-15 18:02:33', 1),
(1879, '103.189.201.9', 'hanifarafi7@gmail.com', 3, '2023-05-15 18:02:35', 1),
(1880, '103.189.201.9', 'darmawan123', NULL, '2023-05-15 18:03:51', 0),
(1881, '103.189.201.9', 'darmawan123@gmail.com', 41, '2023-05-15 18:03:59', 1),
(1882, '103.189.201.9', 'ardianita06@gmail.com', 6, '2023-05-15 18:06:29', 1),
(1883, '103.189.201.9', 'darmawan123@gmail.com', 41, '2023-05-15 18:09:41', 1),
(1884, '103.189.201.9', 'ardianita06@gmail.com', NULL, '2023-05-15 18:11:39', 0),
(1885, '103.189.201.9', 'ardianita06@gmail.com', 6, '2023-05-15 18:12:09', 1),
(1886, '103.189.201.9', 'darmawan123@gmail.com', 41, '2023-05-15 18:12:45', 1),
(1887, '114.4.221.100', 'ardianita06@gmail.com', 6, '2023-05-15 18:14:15', 1),
(1888, '114.4.221.100', 'ardianita06@gmail.com', 6, '2023-05-15 18:14:16', 1),
(1889, '103.189.201.9', 'hanifarafi7@gmail.com', 3, '2023-05-15 18:25:57', 1),
(1890, '140.213.171.218', 'kmm1', NULL, '2023-05-15 18:32:11', 0),
(1891, '140.213.171.218', 'email@gmail.com', 36, '2023-05-15 18:32:38', 1),
(1892, '103.189.201.9', 'ardianita06@gmail.com', 6, '2023-05-15 18:48:47', 1),
(1893, '140.213.171.218', 'ardianita06@gmail.com', 6, '2023-05-15 18:51:27', 1),
(1894, '103.189.201.9', 'fajri2002', NULL, '2023-05-15 18:58:33', 0),
(1895, '103.189.201.9', 'muhammadhanifarafi@student.uns.ac.id', 23, '2023-05-15 18:58:38', 1),
(1896, '103.160.184.8', 'oktariniarossaa@gmail.com', 33, '2023-05-15 18:58:40', 1),
(1897, '103.160.184.8', 'ardianita06@gmail.com', 6, '2023-05-15 18:59:46', 1),
(1898, '103.189.201.9', 'ardianita06@gmail.com', NULL, '2023-05-15 19:10:34', 0),
(1899, '103.189.201.9', 'ardianita06@gmail.com', 6, '2023-05-15 19:10:40', 1),
(1900, '103.189.201.9', 'ardianita06@gmail.com', 6, '2023-05-15 19:12:31', 1),
(1901, '103.189.201.9', 'ardianita06@gmail.com', 6, '2023-05-15 19:14:15', 1),
(1902, '125.166.9.184', 'ardianita06@gmail.com', 6, '2023-05-15 19:16:54', 1),
(1903, '103.160.184.8', 'oktariniarossaa@gmail.com', 33, '2023-05-15 19:23:09', 1),
(1904, '103.160.184.8', 'ardianita06@gmail.com', 6, '2023-05-15 19:24:44', 1),
(1905, '103.189.201.9', 'ardianita06@gmail.com', 6, '2023-05-15 19:34:36', 1),
(1906, '103.189.201.9', 'fajri2002', NULL, '2023-05-15 19:43:31', 0),
(1907, '103.189.201.9', 'fajri2002', NULL, '2023-05-15 19:43:41', 0),
(1908, '103.189.201.9', 'fajri2002', NULL, '2023-05-15 19:43:52', 0),
(1909, '103.189.201.9', 'muhammadhanifarafi@student.uns.ac.id', 23, '2023-05-15 19:44:01', 1);
INSERT INTO `auth_logins` (`id`, `ip_address`, `email`, `user_id`, `date`, `success`) VALUES
(1910, '125.166.9.184', 'fajri2002@gmail.com', NULL, '2023-05-15 20:21:06', 0),
(1911, '125.166.9.184', 'fajri2002@gmail.com', NULL, '2023-05-15 20:21:40', 0),
(1912, '125.166.9.184', 'muhammadhanifarafi@student.uns.ac.id', 23, '2023-05-15 20:25:26', 1),
(1913, '103.189.201.9', 'ardianita06@gmail.com', NULL, '2023-05-15 20:37:51', 0),
(1914, '103.189.201.9', 'ardianita06@gmail.com', 6, '2023-05-15 20:38:00', 1),
(1915, '118.99.83.93', 'ahmadnurwakit@gmail.com', 44, '2023-05-15 20:39:56', 1),
(1916, '103.189.201.9', 'trisna123@gmail.com', 46, '2023-05-15 20:54:56', 1),
(1917, '103.160.184.8', 'ardianita06@gmail.com', 6, '2023-05-15 20:55:56', 1),
(1918, '203.78.118.208', 'ardianita06@gmail.com', 6, '2023-05-15 21:06:46', 1),
(1919, '103.160.184.8', 'mitra1@gmail.com', 51, '2023-05-15 21:07:00', 1),
(1920, '182.253.217.245', 'wibiatisekark@student.uns.ac.id', 34, '2023-05-15 21:20:06', 1),
(1921, '103.189.201.9', 'ardianita06@gmail.com', 6, '2023-05-15 21:24:16', 1),
(1922, '103.160.184.8', 'ardianita06@gmail.com', 6, '2023-05-15 21:25:02', 1),
(1923, '103.160.184.8', 'oktariniarossaa@gmail.com', 33, '2023-05-15 21:28:28', 1),
(1924, '103.160.184.8', 'mitra1@gmail.com', 51, '2023-05-15 21:29:45', 1),
(1925, '103.160.184.8', 'haha', NULL, '2023-05-15 21:33:56', 0),
(1926, '103.160.184.8', 'ardianita06@gmail.com', 6, '2023-05-15 21:35:39', 1),
(1927, '182.253.217.245', 'ardianita06@gmail.com', 6, '2023-05-15 21:37:04', 1),
(1928, '114.4.221.100', 'ardianita06@gmail.com', 6, '2023-05-15 21:53:06', 1),
(1929, '103.160.184.8', 'ardianita06@gmail.com', 6, '2023-05-15 22:23:05', 1),
(1930, '203.78.118.208', 'muhammadhanifarafi@gmail.com', 29, '2023-05-15 22:24:45', 1),
(1931, '203.78.118.208', 'ardianita06@gmail.com', 6, '2023-05-15 22:48:54', 1),
(1932, '203.78.118.208', 'lindarahmawati011001@gmail.com', 7, '2023-05-15 22:50:43', 1),
(1933, '203.78.118.208', 'ardianita06@gmail.com', 6, '2023-05-15 22:53:50', 1),
(1934, '203.78.118.208', 'muhammadhanifarafi@gmail.com', 29, '2023-05-15 22:54:22', 1),
(1935, '203.78.118.208', 'ardianita06@gmail.com', 6, '2023-05-15 22:55:03', 1),
(1936, '203.78.118.208', 'lindarahmawati011001@gmail.com', 7, '2023-05-15 22:57:18', 1),
(1937, '203.78.118.208', 'ardianita06@gmail.com', 6, '2023-05-15 23:11:15', 1),
(1938, '182.253.217.245', 'ardianita06@gmail.com', 6, '2023-05-15 23:17:47', 1),
(1939, '203.78.118.208', 'lindarahmawati011001@gmail.com', 7, '2023-05-15 23:27:06', 1),
(1940, '203.78.118.208', 'ardianita06@gmail.com', 6, '2023-05-15 23:27:55', 1),
(1941, '203.78.118.208', 'muhammadhanifarafi@gmail.com', 29, '2023-05-15 23:31:18', 1),
(1942, '203.78.118.208', 'ardianita06@gmail.com', 6, '2023-05-15 23:37:57', 1),
(1943, '203.78.118.208', 'lindarahmawati011001@gmail.com', 7, '2023-05-15 23:38:58', 1),
(1944, '114.4.221.100', 'ardianita06@gmail.com', 6, '2023-05-15 23:48:09', 1),
(1945, '114.4.221.100', 'ardianita06@gmail.com', 6, '2023-05-15 23:49:24', 1),
(1946, '114.4.221.100', 'ardianita06@gmail.com', 6, '2023-05-15 23:49:27', 1),
(1947, '203.78.118.208', 'ardianita06@gmail.com', 6, '2023-05-16 00:19:56', 1),
(1948, '203.78.118.208', 'ardianita06@gmail.com', 6, '2023-05-16 00:19:58', 1),
(1949, '125.166.9.184', 'muhammadhanifarafi@student.uns.ac.id', 23, '2023-05-16 00:35:13', 1),
(1950, '125.166.9.184', 'muhammadhanifarafi@student.uns.ac.id', 23, '2023-05-16 00:37:23', 1),
(1951, '125.166.9.184', 'muhammadhanifarafi@student.uns.ac.id', 23, '2023-05-16 00:37:25', 1),
(1952, '103.189.201.9', 'ardianita06@gmail.com', 6, '2023-05-16 05:30:24', 1),
(1953, '103.189.201.9', 'hanifarafi7@gmail.com', NULL, '2023-05-16 05:42:33', 0),
(1954, '103.189.201.9', 'hanifarafi7@gmail.com', NULL, '2023-05-16 05:42:42', 0),
(1955, '103.189.201.9', 'hanifarafi7@gmail.com', NULL, '2023-05-16 05:43:14', 0),
(1956, '103.189.201.9', 'muhammadhanifarafi@student.uns.ac.id', 23, '2023-05-16 05:43:33', 1),
(1957, '103.189.201.9', 'ardianita06@gmail.com', 6, '2023-05-16 05:44:52', 1),
(1958, '103.189.201.9', 'muhammadhanifarafi@student.uns.ac.id', 23, '2023-05-16 05:46:57', 1),
(1959, '103.189.201.9', 'muhammadhanifarafi@student.uns.ac.id', 23, '2023-05-16 05:47:58', 1),
(1960, '103.189.201.9', 'ardianita06@gmail.com', 6, '2023-05-16 05:54:02', 1),
(1961, '103.189.201.9', 'fajri2002', NULL, '2023-05-16 05:54:13', 0),
(1962, '103.189.201.9', 'muhammadhanifarafi@student.uns.ac.id', 23, '2023-05-16 05:54:19', 1),
(1963, '103.189.201.9', 'ardianita06@gmail.com', 6, '2023-05-16 06:38:07', 1),
(1964, '103.189.201.9', 'trisna123@gmail.com', 46, '2023-05-16 07:28:50', 1),
(1965, '118.99.83.93', 'ahmadnurwakit@gmail.com', 44, '2023-05-16 07:55:43', 1),
(1966, '103.132.230.93', 'muhammadhanifarafi@student.uns.ac.id', 23, '2023-05-16 08:53:52', 1),
(1967, '103.132.230.93', 'ardianita06@gmail.com', 6, '2023-05-16 08:54:20', 1),
(1968, '103.189.201.9', 'ardianita06@gmail.com', 6, '2023-05-16 09:48:32', 1),
(1969, '120.188.80.221', 'ahmadnurwakit@gmail.com', 44, '2023-05-16 10:02:03', 1),
(1970, '112.215.153.12', 'ardianita06@gmail.com', 6, '2023-05-16 10:07:28', 1),
(1971, '103.189.201.9', 'ardianita06@gmail.com', 6, '2023-05-16 10:08:46', 1),
(1972, '112.215.173.250', 'email@gmail.com', 36, '2023-05-16 10:20:55', 1),
(1973, '120.188.80.221', 'wibiatisekark@student.uns.ac.id', 34, '2023-05-16 10:37:32', 1),
(1974, '103.189.201.9', 'ardianita06@gmail.com', 6, '2023-05-16 10:40:23', 1),
(1975, '114.4.221.100', 'ardianita06@gmail.com', 6, '2023-05-16 10:50:00', 1),
(1976, '112.215.153.12', 'email@gmail.com', 36, '2023-05-16 10:50:35', 1),
(1977, '120.188.80.221', 'wibiatisekark@student.uns.ac.id', 34, '2023-05-16 11:07:56', 1),
(1978, '112.215.153.12', 'ardianita06@gmail.com', NULL, '2023-05-16 11:45:50', 0),
(1979, '112.215.153.12', 'ardianita06@gmail.com', 6, '2023-05-16 11:46:00', 1),
(1980, '114.4.221.100', 'ardianita06@gmail.com', 6, '2023-05-16 12:03:08', 1),
(1981, '120.188.80.221', 'oktariniarossaa@gmail.com', 33, '2023-05-16 12:06:06', 1),
(1982, '120.188.80.221', 'wibiatisekark@student.uns.ac.id', 34, '2023-05-16 12:53:34', 1),
(1983, '125.166.9.211', 'wibiatisekark@student.uns.ac.id', 34, '2023-05-16 13:10:39', 1),
(1984, '103.189.201.9', 'ardianita06@gmail.com', 6, '2023-05-16 13:21:09', 1),
(1985, '103.189.201.9', 'ardianita06@gmail.com', 6, '2023-05-16 13:21:45', 1),
(1986, '114.4.221.100', 'ardianita06@gmail.com', 6, '2023-05-16 14:09:31', 1),
(1987, '114.4.221.100', 'ardianita06@gmail.com', 6, '2023-05-16 14:35:06', 1),
(1988, '114.4.221.100', 'ardianita06@gmail.com', 6, '2023-05-16 14:35:07', 1),
(1989, '103.189.201.9', 'ardianita06@gmail.com', NULL, '2023-05-16 14:54:43', 0),
(1990, '103.189.201.9', 'ardianita06@gmail.com', 6, '2023-05-16 14:54:51', 1),
(1991, '103.189.201.9', 'ardianita06@gmail.com', 6, '2023-05-16 14:55:00', 1),
(1992, '103.189.201.9', 'darmawan123@gmail.com', 41, '2023-05-16 15:22:52', 1),
(1993, '103.189.201.9', 'ardianita06@gmail.com', NULL, '2023-05-16 15:27:46', 0),
(1994, '103.189.201.9', 'ardianita06@gmail.com', 6, '2023-05-16 15:28:17', 1),
(1995, '103.189.201.9', 'mitra1@gmail.com', 51, '2023-05-16 15:36:54', 1),
(1996, '103.189.201.9', 'mitra1@gmail.com', 51, '2023-05-16 15:36:56', 1),
(1997, '103.189.201.9', 'darmawan123@gmail.com', 41, '2023-05-16 15:37:57', 1),
(1998, '103.189.201.9', 'darmawan123@gmail.com', 41, '2023-05-16 15:38:00', 1),
(1999, '103.189.201.9', 'ardianita06@gmail.com', NULL, '2023-05-16 15:38:28', 0),
(2000, '103.189.201.9', 'mitra1@gmail.com', 51, '2023-05-16 15:38:44', 1),
(2001, '103.189.201.9', 'ardianita06@gmail.com', 6, '2023-05-16 15:40:17', 1),
(2002, '125.166.9.184', 'ardianita06@gmail.com', 6, '2023-05-16 15:54:50', 1),
(2003, '125.166.9.184', 'muhammadhanifarafi@student.uns.ac.id', 23, '2023-05-16 15:58:20', 1),
(2004, '182.253.217.245', 'wibiatisekark@student.uns.ac.id', 34, '2023-05-16 18:39:06', 1),
(2005, '182.253.217.245', 'ahmadnurwakit@gmail.com', 44, '2023-05-16 19:01:44', 1),
(2006, '103.160.184.6', 'ardianita06@gmail.com', 6, '2023-05-16 19:35:49', 1),
(2007, '182.253.217.245', 'ardianita06@gmail.com', 6, '2023-05-16 20:01:27', 1),
(2008, '182.253.217.245', 'ahmadnurwakit@gmail.com', 44, '2023-05-16 20:42:45', 1),
(2009, '103.160.184.6', 'ardianita06@gmail.com', 6, '2023-05-16 20:57:37', 1),
(2010, '103.160.184.6', 'yeiko', NULL, '2023-05-16 21:04:08', 0),
(2011, '103.160.184.6', 'muhammadhanifarafi@gmail.com', 29, '2023-05-16 21:04:29', 1),
(2012, '103.160.184.6', 'ardianita06@gmail.com', 6, '2023-05-16 21:16:24', 1),
(2013, '182.253.217.245', 'ahmadnurwakit@gmail.com', 44, '2023-05-16 21:48:53', 1),
(2014, '103.160.184.6', 'ardianita06@gmail.com', 6, '2023-05-16 21:54:38', 1),
(2015, '182.253.217.245', 'ardianita06@gmail.com', 6, '2023-05-16 21:55:02', 1),
(2016, '112.215.154.129', 'ardianita06@gmail.com', 6, '2023-05-16 22:06:55', 1),
(2017, '112.215.154.129', 'ardianita06@gmail.com', 6, '2023-05-16 22:17:25', 1),
(2018, '182.253.217.245', 'ardianita06@gmail.com', 6, '2023-05-16 22:25:35', 1),
(2019, '103.160.184.6', 'ardianita06@gmail.com', 6, '2023-05-16 23:03:01', 1),
(2020, '125.164.235.88', 'ardianita06@gmail.com', 6, '2023-05-16 23:20:27', 1),
(2021, '112.215.154.129', 'ardianita06@gmail.com', 6, '2023-05-16 23:33:12', 1),
(2022, '112.215.154.129', 'ardianita06@gmail.com', 6, '2023-05-16 23:33:58', 1),
(2023, '182.253.217.245', 'ardianita06@gmail.com', 6, '2023-05-16 23:53:04', 1),
(2024, '112.215.154.129', 'lindarahmawati011001@gmail.com', 7, '2023-05-17 00:06:06', 1),
(2025, '112.215.154.129', 'ardianita06@gmail.com', 6, '2023-05-17 00:26:05', 1),
(2026, '182.253.217.245', 'wibiatisekark@student.uns.ac.id', 34, '2023-05-17 00:28:53', 1),
(2027, '125.164.235.88', 'muhammadhanifarafi@student.uns.ac.id', 23, '2023-05-17 00:32:55', 1),
(2028, '112.215.154.129', 'ardianita06@gmail.com', 6, '2023-05-17 01:10:04', 1),
(2029, '112.215.154.129', 'lindarahmawati011001@gmail.com', 7, '2023-05-17 01:38:04', 1),
(2030, '112.215.154.129', 'muhammadhanifarafi@gmail.com', 29, '2023-05-17 01:44:09', 1),
(2031, '112.215.154.129', 'muhammadhanifarafi@gmail.com', 29, '2023-05-17 01:53:10', 1),
(2032, '112.215.154.129', 'lindarahmawati011001@gmail.com', 7, '2023-05-17 02:03:42', 1),
(2033, '112.215.154.129', 'ardianita06@gmail.com', 6, '2023-05-17 02:04:14', 1),
(2034, '112.215.173.250', 'ardianita06@gmail.com', 6, '2023-05-17 03:05:49', 1),
(2035, '112.215.173.250', 'ardianitafzyh@gmail.com', 28, '2023-05-17 03:14:54', 1),
(2036, '112.215.173.250', 'muhammadhanifarafi@gmail.com', 29, '2023-05-17 03:29:56', 1),
(2037, '103.189.201.9', 'ardianita06@gmail.com', 6, '2023-05-17 06:06:25', 1),
(2038, '103.189.201.9', 'ardianita06@gmail.com', 6, '2023-05-17 06:08:56', 1),
(2039, '118.99.83.93', 'wibiatisekark@student.uns.ac.id', NULL, '2023-05-17 08:56:02', 0),
(2040, '118.99.83.93', 'wibiatisekark@student.uns.ac.id', 34, '2023-05-17 08:56:11', 1),
(2041, '118.99.83.93', 'ahmadnurwakit@gmail.com', 44, '2023-05-17 08:56:56', 1),
(2042, '182.253.217.245', 'ardianita06@gmail.com', 6, '2023-05-17 09:00:25', 1),
(2043, '103.132.231.221', 'muhammadhanifarafi@student.uns.ac.id', 23, '2023-05-17 09:06:43', 1),
(2044, '103.132.231.221', 'ardianita06@gmail.com', 6, '2023-05-17 09:17:24', 1),
(2045, '103.132.231.221', 'rendratrikusuma@student.uns.ac.id', NULL, '2023-05-17 09:23:55', 0),
(2046, '103.132.231.221', 'rendratrikusuma@student.uns.ac.id', NULL, '2023-05-17 09:23:56', 0),
(2047, '103.132.231.221', 'muhammadhanifarafi@student.uns.ac.id', 23, '2023-05-17 09:24:38', 1),
(2048, '103.189.201.9', 'ardianita06@gmail.com', 6, '2023-05-17 09:30:56', 1),
(2049, '103.189.201.9', 'ardianita06@gmail.com', 6, '2023-05-17 09:30:58', 1),
(2050, '103.132.231.221', 'ardianita06@gmail.com', 6, '2023-05-17 09:39:05', 1),
(2051, '103.132.231.221', 'ridhorifai88@student.uns.ac.id', NULL, '2023-05-17 09:44:48', 0),
(2052, '103.132.231.221', 'ridhorifai88@student.uns.ac.id', NULL, '2023-05-17 09:45:26', 0),
(2053, '103.132.231.221', 'ridhorifai88@student.uns.ac.id', NULL, '2023-05-17 09:47:37', 0),
(2054, '103.132.231.221', 'muhammadhanifarafi@student.uns.ac.id', 23, '2023-05-17 09:47:59', 1),
(2055, '182.253.217.245', 'ardianita06@gmail.com', 6, '2023-05-17 10:02:46', 1),
(2056, '112.215.173.250', 'ardianita06@gmail.com', 6, '2023-05-17 10:32:54', 1),
(2057, '103.132.231.221', 'muhammadhanifarafi@student.uns.ac.id', 23, '2023-05-17 10:42:03', 1),
(2058, '118.99.83.93', 'ardianita06@gmail.com', 6, '2023-05-17 10:58:05', 1),
(2059, '103.160.184.6', 'ardianita06@gmail.com', 6, '2023-05-17 11:13:14', 1),
(2060, '103.189.201.9', 'ardianita06@gmail.com', 6, '2023-05-17 11:32:31', 1),
(2061, '103.189.201.9', 'ardianita06@gmail.com', 6, '2023-05-17 11:32:32', 1),
(2062, '103.189.201.9', 'ardianita06@gmail.com', 6, '2023-05-17 11:32:32', 1),
(2063, '103.189.201.9', 'ardianita06@gmail.com', 6, '2023-05-17 11:32:34', 1),
(2064, '103.160.184.6', 'ardianita06@gmail.com', 6, '2023-05-17 11:58:45', 1),
(2065, '118.99.83.93', 'ahmadnurwakit@gmail.com', 44, '2023-05-17 12:01:50', 1),
(2066, '112.215.173.250', 'email@gmail.com', 36, '2023-05-17 12:11:27', 1),
(2067, '112.215.173.250', 'muhammadhanifarafi@gmail.com', 29, '2023-05-17 12:18:19', 1),
(2068, '103.132.231.221', 'muhammadhanifarafi@student.uns.ac.id', 23, '2023-05-17 12:48:41', 1),
(2069, '112.215.173.250', 'email@gmail.com', 36, '2023-05-17 13:17:40', 1),
(2070, '103.132.231.221', 'muhammadhanifarafi@student.uns.ac.id', 23, '2023-05-17 14:09:16', 1),
(2071, '114.4.221.100', 'muhammadhanifarafi@student.uns.ac.id', 23, '2023-05-17 14:44:58', 1),
(2072, '114.4.221.100', 'muhammadhanifarafi@student.uns.ac.id', 23, '2023-05-17 14:45:00', 1),
(2073, '103.132.231.221', 'muhammadhanifarafi@student.uns.ac.id', 23, '2023-05-17 14:46:52', 1),
(2074, '103.189.201.9', 'ardianita06@gmail.com', 6, '2023-05-17 14:48:58', 1),
(2075, '103.189.201.9', 'ardianita06@gmail.com', 6, '2023-05-17 14:55:13', 1),
(2076, '103.189.201.9', 'ardianita06@gmail.com', NULL, '2023-05-17 15:00:24', 0),
(2077, '103.189.201.9', 'ardianita06@gmail.com', 6, '2023-05-17 15:00:29', 1),
(2078, '103.189.201.9', 'ardianita06@gmail.com', 6, '2023-05-17 15:00:35', 1),
(2079, '103.189.201.9', 'ardianita06@gmail.com', 6, '2023-05-17 15:00:35', 1),
(2080, '103.184.180.97', 'ardianita06@gmail.com', 6, '2023-05-17 15:18:57', 1),
(2081, '103.189.201.9', 'ardianita06@gmail.com', 6, '2023-05-17 15:33:31', 1),
(2082, '103.189.201.9', 'darmawan123@gmail.com', 41, '2023-05-17 15:33:41', 1),
(2083, '103.189.201.9', 'hanifarafi7@gmail.com', NULL, '2023-05-17 15:35:09', 0),
(2084, '103.189.201.9', 'hanifarafi7@gmail.com', NULL, '2023-05-17 15:35:14', 0),
(2085, '103.189.201.9', 'hanifarafi7@gmail.com', NULL, '2023-05-17 15:35:25', 0),
(2086, '103.189.201.9', 'hanifarafi7@gmail.com', NULL, '2023-05-17 15:35:39', 0),
(2087, '103.189.201.9', 'ardianita06@gmail.com', 6, '2023-05-17 15:36:23', 1),
(2088, '103.189.201.9', 'fajri2002', NULL, '2023-05-17 15:40:03', 0),
(2089, '103.189.201.9', 'muhammadhanifarafi@student.uns.ac.id', 23, '2023-05-17 15:40:14', 1),
(2090, '103.189.201.9', 'muhammadhanifarafi@student.uns.ac.id', 23, '2023-05-17 15:54:05', 1),
(2091, '103.189.201.9', 'ardianita06@gmail.com', 6, '2023-05-17 16:02:06', 1),
(2092, '103.184.180.97', 'muhammadhanifarafi@student.uns.ac.id', 23, '2023-05-17 16:39:08', 1),
(2093, '103.189.201.9', 'ardianita06@gmail.com', 6, '2023-05-17 16:55:39', 1),
(2094, '103.160.184.6', 'yeiko', NULL, '2023-05-17 17:27:08', 0),
(2095, '103.160.184.6', 'muhammadhanifarafi@gmail.com', 29, '2023-05-17 17:27:18', 1),
(2096, '103.160.184.6', 'indigo1', NULL, '2023-05-17 17:28:24', 0),
(2097, '103.160.184.6', 'indigo1', NULL, '2023-05-17 17:28:59', 0),
(2098, '103.160.184.6', 'ardianita06@gmail.com', 6, '2023-05-17 17:29:32', 1),
(2099, '103.160.184.6', 'email@gmail.com', 36, '2023-05-17 17:37:10', 1),
(2100, '182.253.217.245', 'ardianita06@gmail.com', 6, '2023-05-17 17:45:50', 1),
(2101, '182.253.217.245', 'ahmadnurwakit@gmail.com', 44, '2023-05-17 17:47:39', 1),
(2102, '140.213.44.7', 'ardianita06@gmail.com', 6, '2023-05-17 18:33:49', 1),
(2103, '182.253.217.245', 'ardianita06@gmail.com', 6, '2023-05-17 18:47:54', 1),
(2104, '103.160.184.6', 'ardianita06@gmail.com', 6, '2023-05-17 18:49:40', 1),
(2105, '182.253.217.245', 'trisna123@gmail.com', 46, '2023-05-17 19:02:15', 1),
(2106, '182.253.217.245', 'ahmadnurwakit@gmail.com', 44, '2023-05-17 19:03:55', 1),
(2107, '140.213.44.7', 'ardianita06@gmail.com', 6, '2023-05-17 19:09:08', 1),
(2108, '103.189.201.9', 'ardianita06@gmail.com', 6, '2023-05-17 19:22:47', 1),
(2109, '103.189.201.9', 'ardianita06@gmail.com', 6, '2023-05-17 19:22:48', 1),
(2110, '140.213.40.23', 'ardianita06@gmail.com', 6, '2023-05-17 19:43:42', 1),
(2111, '140.213.164.110', 'email@gmail.com', 36, '2023-05-17 19:50:04', 1),
(2112, '140.213.162.142', 'muhammadhanifarafi@gmail.com', 29, '2023-05-17 20:01:12', 1),
(2113, '140.213.164.110', 'email@gmail.com', 36, '2023-05-17 20:03:29', 1),
(2114, '182.253.217.245', 'wibiatisekark@student.uns.ac.id', 34, '2023-05-17 20:09:00', 1),
(2115, '203.78.117.185', 'ardianita06@gmail.com', 6, '2023-05-17 20:30:18', 1),
(2116, '103.160.184.6', 'ardianita06@gmail.com', 6, '2023-05-17 20:50:23', 1),
(2117, '103.160.184.6', 'email@gmail.com', 36, '2023-05-17 20:51:55', 1),
(2118, '140.213.162.142', 'muhammadhanifarafi@gmail.com', 29, '2023-05-17 21:01:03', 1),
(2119, '125.166.9.184', 'muhammadhanifarafi@student.uns.ac.id', 23, '2023-05-17 21:07:42', 1),
(2120, '103.189.201.9', 'ardianita06@gmail.com', NULL, '2023-05-17 21:21:58', 0),
(2121, '103.189.201.9', 'ardianita06@gmail.com', NULL, '2023-05-17 21:22:01', 0),
(2122, '103.189.201.9', 'ardianita06@gmail.com', NULL, '2023-05-17 21:22:05', 0),
(2123, '103.189.201.9', 'ardianita06@gmail.com', NULL, '2023-05-17 21:22:08', 0),
(2124, '103.189.201.9', 'ardianita06@gmail.com', NULL, '2023-05-17 21:22:09', 0),
(2125, '103.189.201.9', 'ardianita06@gmail.com', NULL, '2023-05-17 21:22:12', 0),
(2126, '103.189.201.9', 'ardianita06@gmail.com', NULL, '2023-05-17 21:22:13', 0),
(2127, '103.189.201.9', 'ardianita06@gmail.com', NULL, '2023-05-17 21:22:14', 0),
(2128, '103.189.201.9', 'ardianita06@gmail.com', NULL, '2023-05-17 21:22:15', 0),
(2129, '103.189.201.9', 'ardianita06@gmail.com', NULL, '2023-05-17 21:22:16', 0),
(2130, '103.189.201.9', 'ardianita06@gmail.com', NULL, '2023-05-17 21:22:17', 0),
(2131, '103.189.201.9', 'ardianita06@gmail.com', 6, '2023-05-17 21:22:30', 1),
(2132, '103.189.201.9', 'ardianita06@gmail.com', 6, '2023-05-17 21:22:33', 1),
(2133, '103.189.201.9', 'ardianita06@gmail.com', 6, '2023-05-17 21:22:34', 1),
(2134, '103.160.184.6', 'ardianita06@gmail.com', 6, '2023-05-17 21:23:36', 1),
(2135, '103.160.184.6', 'email@gmail.com', 36, '2023-05-17 21:27:15', 1),
(2136, '114.4.221.100', 'muhammadhanifarafi@student.uns.ac.id', 23, '2023-05-17 22:30:53', 1),
(2137, '103.189.201.9', 'indigo1', NULL, '2023-05-17 22:31:00', 0),
(2138, '103.189.201.9', 'indigo1', NULL, '2023-05-17 22:31:21', 0),
(2139, '103.189.201.9', 'indigo1', NULL, '2023-05-17 22:31:33', 0),
(2140, '103.189.201.9', 'email@gmail.com', 36, '2023-05-17 22:31:44', 1),
(2141, '140.213.164.110', 'email@gmail.com', 36, '2023-05-17 22:36:33', 1),
(2142, '203.78.117.185', 'lindarahmawati011001@gmail.com', 7, '2023-05-17 22:48:30', 1),
(2143, '203.78.117.185', 'muhammadhanifarafi@gmail.com', 29, '2023-05-17 22:51:45', 1),
(2144, '103.160.184.6', 'email@gmail.com', 36, '2023-05-17 22:58:43', 1),
(2145, '203.78.117.185', 'ardianita06@gmail.com', 6, '2023-05-17 22:59:26', 1),
(2146, '203.78.117.185', 'muhammadhanifarafi@gmail.com', 29, '2023-05-17 23:00:28', 1),
(2147, '203.78.117.185', 'ardianita06@gmail.com', 6, '2023-05-17 23:08:16', 1),
(2148, '114.4.221.100', 'ardianita06@gmail.com', 6, '2023-05-17 23:15:25', 1),
(2149, '140.213.164.110', 'muhammadhanifarafi@gmail.com', 29, '2023-05-17 23:16:08', 1),
(2150, '114.4.221.100', 'rendratrikusuma@student.uns.ac.id', NULL, '2023-05-17 23:18:37', 0),
(2151, '114.4.221.100', 'rendratrikusuma@student.uns.ac.id', 3, '2023-05-17 23:21:49', 1),
(2152, '103.160.184.6', 'ardianita06@gmail.com', 6, '2023-05-17 23:27:00', 1),
(2153, '140.213.164.110', 'ardianita06@gmail.com', 6, '2023-05-17 23:30:21', 1),
(2154, '125.166.9.184', 'rendratrikusuma@student.uns.ac.id', 3, '2023-05-18 07:12:24', 1),
(2155, '125.166.9.184', 'rendratrikusuma@student.uns.ac.id', 3, '2023-05-18 07:12:24', 1),
(2156, '114.4.221.100', 'rendratrikusuma@student.uns.ac.id', 3, '2023-05-18 07:25:40', 1),
(2157, '114.4.221.100', 'rendratrikusuma@student.uns.ac.id', 3, '2023-05-18 08:02:42', 1),
(2158, '103.189.201.9', 'ardianita06@gmail.com', 6, '2023-05-18 08:20:15', 1),
(2159, '103.189.201.9', 'ardianita06@gmail.com', 6, '2023-05-18 08:36:51', 1),
(2160, '103.189.201.9', 'ardianita06@gmail.com', 6, '2023-05-18 08:36:55', 1),
(2161, '103.189.201.9', 'ardianita06@gmail.com', 6, '2023-05-18 08:36:55', 1),
(2162, '103.189.201.9', 'ardianita06@gmail.com', 6, '2023-05-18 08:36:59', 1),
(2163, '103.189.201.9', 'ardianita06@gmail.com', 6, '2023-05-18 08:36:59', 1),
(2164, '114.4.221.100', 'ardianita06@gmail.com', 6, '2023-05-18 08:37:36', 1),
(2165, '103.189.201.9', 'ahmadyunus123', NULL, '2023-05-18 08:39:19', 0),
(2166, '103.189.201.9', 'ahmadyunus123', NULL, '2023-05-18 08:39:27', 0),
(2167, '103.189.201.9', 'ahmadyunus123@gmail.com', 82, '2023-05-18 08:39:40', 1),
(2168, '103.189.201.9', 'ardianita06@gmail.com', 6, '2023-05-18 08:46:51', 1),
(2169, '103.189.201.9', 'ardianita06@gmail.com', 6, '2023-05-18 08:46:54', 1),
(2170, '103.189.201.9', 'ardianita06@gmail.com', 6, '2023-05-18 08:46:57', 1),
(2171, '103.189.201.9', 'ahmadyunus123@gmail.com', 88, '2023-05-18 09:03:17', 1),
(2172, '103.189.201.9', 'ahmadyunus123@gmail.com', 88, '2023-05-18 09:03:22', 1),
(2173, '103.189.201.9', 'ardianita06@gmail.com', 6, '2023-05-18 09:28:43', 1),
(2174, '103.189.201.9', 'ardianita06@gmail.com', 6, '2023-05-18 09:33:54', 1),
(2175, '103.160.184.6', 'ardianita06@gmail.com', 6, '2023-05-18 10:49:23', 1),
(2176, '103.160.184.6', 'email@gmail.com', 36, '2023-05-18 11:37:57', 1),
(2177, '103.160.184.6', 'indigo1', NULL, '2023-05-18 11:47:16', 0),
(2178, '103.160.184.6', 'email@gmail.com', 36, '2023-05-18 11:47:31', 1),
(2179, '103.160.184.6', 'muhammadhanifarafi@gmail.com', 29, '2023-05-18 12:18:29', 1),
(2180, '140.213.162.142', 'muhammadhanifarafi@gmail.com', 29, '2023-05-18 12:27:57', 1),
(2181, '140.213.164.110', 'ardianita06@gmail.com', 6, '2023-05-18 12:31:53', 1),
(2182, '103.160.184.6', 'email@gmail.com', 36, '2023-05-18 12:32:28', 1),
(2183, '103.160.184.6', 'muhammadhanifarafi@gmail.com', 29, '2023-05-18 12:42:31', 1),
(2184, '103.160.184.6', 'email@gmail.com', 36, '2023-05-18 13:11:33', 1),
(2185, '103.160.184.6', 'yeiko', NULL, '2023-05-18 13:13:12', 0),
(2186, '103.160.184.6', 'muhammadhanifarafi@gmail.com', 29, '2023-05-18 13:13:21', 1),
(2187, '120.188.80.221', 'ardianita06@gmail.com', 6, '2023-05-18 13:21:59', 1),
(2188, '120.188.80.221', 'trisna123', NULL, '2023-05-18 13:24:55', 0),
(2189, '120.188.80.221', 'trisna123@gmail.com', 46, '2023-05-18 13:25:10', 1),
(2190, '125.166.8.181', 'muhammadhanifarafi@student.uns.ac.id', 23, '2023-05-18 13:30:16', 1),
(2191, '125.166.8.181', 'ardianita06@gmail.com', 6, '2023-05-18 13:30:31', 1),
(2192, '125.166.8.181', 'muhammadhanifarafi@student.uns.ac.id', 23, '2023-05-18 13:31:35', 1),
(2193, '140.213.162.142', 'ardianita06@gmail.com', 6, '2023-05-18 13:41:00', 1),
(2194, '103.189.201.9', 'ardianita06@gmail.com', 6, '2023-05-18 14:06:34', 1),
(2195, '112.215.172.9', 'nitt', NULL, '2023-05-18 14:07:01', 0),
(2196, '112.215.172.9', 'nitt', NULL, '2023-05-18 14:07:09', 0),
(2197, '112.215.172.9', 'ardianita06@gmail.com', 6, '2023-05-18 14:07:22', 1),
(2198, '140.213.164.110', 'indigo1', NULL, '2023-05-18 14:13:24', 0),
(2199, '140.213.164.110', 'indigo1', NULL, '2023-05-18 14:13:27', 0),
(2200, '140.213.162.142', 'email@gmail.com', 36, '2023-05-18 14:13:40', 1),
(2201, '125.166.8.181', 'muhammadhanifarafi@student.uns.ac.id', 23, '2023-05-18 14:21:01', 1),
(2202, '140.213.162.142', 'muhammadhanifarafi@gmail.com', 29, '2023-05-18 14:37:40', 1),
(2203, '112.215.172.9', 'muhammadhanifarafi@gmail.com', 29, '2023-05-18 14:59:39', 1),
(2204, '112.215.172.9', 'ardianita06@gmail.com', 6, '2023-05-18 15:01:00', 1),
(2205, '112.215.172.9', 'ardianita06@gmail.com', 6, '2023-05-18 15:51:18', 1),
(2206, '112.215.172.9', 'Linda', NULL, '2023-05-18 16:00:18', 0),
(2207, '112.215.172.9', 'lindarahmawati011001@gmail.com', 7, '2023-05-18 16:00:32', 1),
(2208, '112.215.172.9', 'muhammadhanifarafi@gmail.com', 29, '2023-05-18 16:09:03', 1),
(2209, '103.189.201.9', 'darmawan123@gmail.com', 41, '2023-05-18 16:54:14', 1),
(2210, '103.189.201.9', 'darmawan123@gmail.com', 41, '2023-05-18 16:54:16', 1),
(2211, '103.184.180.97', 'muhammadhanifarafi@student.uns.ac.id', 23, '2023-05-18 17:15:58', 1),
(2212, '103.184.180.97', 'rendratrikusuma@student.uns.ac.id', 3, '2023-05-18 17:31:03', 1),
(2213, '103.184.180.97', 'muhammadhanifarafi@student.uns.ac.id', 23, '2023-05-18 17:50:48', 1),
(2214, '103.184.180.97', 'ardianita06@gmail.com', 6, '2023-05-18 17:51:26', 1),
(2215, '103.184.180.97', 'ardianita06@gmail.com', 6, '2023-05-18 18:25:29', 1),
(2216, '182.253.217.130', 'ardianita06@gmail.com', 6, '2023-05-18 18:35:30', 1),
(2217, '182.253.217.130', 'trisna123@gmail.com', 46, '2023-05-18 18:36:47', 1),
(2218, '118.99.83.93', 'wibiatisekark@student.uns.ac.id', 34, '2023-05-18 18:40:28', 1),
(2219, '182.253.217.130', 'ahmadnurwakit@gmail.com', 44, '2023-05-18 18:56:06', 1),
(2220, '103.189.201.9', 'ardianita06@gmail.com', 6, '2023-05-18 19:10:01', 1),
(2221, '103.189.201.9', 'ardianita06@gmail.com', 6, '2023-05-18 19:10:06', 1),
(2222, '103.160.184.6', 'ardianita06@gmail.com', 6, '2023-05-18 19:36:45', 1),
(2223, '103.184.180.97', 'muhammadhanifarafi@student.uns.ac.id', 23, '2023-05-18 19:43:57', 1),
(2224, '103.184.180.97', 'ardianita06@gmail.com', 6, '2023-05-18 20:03:26', 1),
(2225, '103.160.184.6', 'ardianita06@gmail.com', 6, '2023-05-18 20:41:01', 1),
(2226, '103.160.184.6', 'oktariniarossaa@gmail.com', 33, '2023-05-18 20:49:56', 1),
(2227, '112.215.173.148', 'ardianita06@gmail.com', 6, '2023-05-18 21:01:11', 1),
(2228, '114.4.221.100', 'ardianita06@gmail.com', 6, '2023-05-18 21:59:43', 1),
(2229, '182.253.217.130', 'ahmadnurwakit@gmail.com', 44, '2023-05-18 22:06:07', 1),
(2230, '125.166.9.75', 'ardianita06@gmail.com', 6, '2023-05-18 22:29:09', 1),
(2231, '125.166.9.75', 'muhammadhanifarafi@student.uns.ac.id', 23, '2023-05-18 22:35:43', 1),
(2232, '112.215.173.148', 'ardianita06@gmail.com', 6, '2023-05-18 22:42:00', 1),
(2233, '112.215.173.148', 'muhammadhanifarafi@gmail.com', 29, '2023-05-18 22:51:26', 1),
(2234, '112.215.173.148', 'ardianita06@gmail.com', 6, '2023-05-18 22:54:32', 1),
(2235, '125.166.9.75', 'ardianita06@gmail.com', 6, '2023-05-18 22:55:59', 1),
(2236, '125.166.9.75', 'ahmadizulfikar123@gmail.com', 96, '2023-05-18 23:05:01', 1),
(2237, '112.215.173.148', 'lindarahmawati011001@gmail.com', 7, '2023-05-18 23:05:03', 1),
(2238, '103.189.201.9', 'ardianita06@gmail.com', 6, '2023-05-18 23:05:08', 1),
(2239, '112.215.173.148', 'muhammadhanifarafi@gmail.com', 29, '2023-05-18 23:07:36', 1),
(2240, '125.166.9.75', 'ardianita06@gmail.com', 6, '2023-05-18 23:11:07', 1),
(2241, '125.166.9.75', 'ahmadizulfikar123@gmail.com', 96, '2023-05-18 23:13:54', 1),
(2242, '103.160.184.6', 'ardianita06@gmail.com', 6, '2023-05-18 23:49:10', 1),
(2243, '125.166.9.75', 'ahmadizulfikar123@gmail.com', 96, '2023-05-19 00:00:15', 1),
(2244, '103.160.184.6', 'oktarinia', NULL, '2023-05-19 00:04:26', 0),
(2245, '103.160.184.6', 'oktariniarossaa@gmail.com', 33, '2023-05-19 00:04:35', 1),
(2246, '114.4.221.100', 'ardianita06@gmail.com', 6, '2023-05-19 00:07:47', 1),
(2247, '114.4.221.100', 'muhammadhanifarafi@student.uns.ac.id', 23, '2023-05-19 00:08:26', 1),
(2248, '182.253.217.130', 'wibiatisekark@student.uns.ac.id', 34, '2023-05-19 06:43:10', 1),
(2249, '182.253.217.130', 'ahmadnurwakit@gmail.com', 44, '2023-05-19 06:43:31', 1),
(2250, '114.4.221.100', 'muhammadhanifarafi@student.uns.ac.id', 23, '2023-05-19 07:02:29', 1),
(2251, '114.4.221.100', 'muhammadhanifarafi@student.uns.ac.id', 23, '2023-05-19 07:02:33', 1),
(2252, '182.253.217.130', 'ahmadnurwakit@gmail.com', 44, '2023-05-19 07:17:36', 1),
(2253, '125.166.9.184', 'ardianita06@gmail.com', 6, '2023-05-19 07:27:45', 1),
(2254, '182.253.217.130', 'wibiatisekark@student.uns.ac.id', 34, '2023-05-19 07:37:00', 1),
(2255, '182.253.217.130', 'ahmadnurwakit@gmail.com', 44, '2023-05-19 08:36:46', 1),
(2256, '182.253.217.130', 'ahmadnurwakit@gmail.com', 44, '2023-05-19 08:37:35', 1),
(2257, '182.253.217.130', 'ardianita06@gmail.com', 6, '2023-05-19 08:37:51', 1),
(2258, '182.253.217.130', 'wibiatisekark@student.uns.ac.id', 34, '2023-05-19 08:38:50', 1),
(2259, '182.253.217.130', 'ahmadnurwakit@gmail.com', 44, '2023-05-19 08:45:04', 1),
(2260, '103.189.201.9', 'ardianita06@gmail.com', 6, '2023-05-19 09:04:49', 1),
(2261, '103.132.231.221', 'ardianita06@gmail.com', 6, '2023-05-19 10:04:11', 1),
(2262, '125.166.8.58', 'ahmadnurwakit@gmail.com', 44, '2023-05-19 10:54:32', 1),
(2263, '125.166.8.58', 'wibiatisekark@student.uns.ac.id', 34, '2023-05-19 11:00:45', 1),
(2264, '103.132.231.221', 'muhammadhanifarafi@student.uns.ac.id', 23, '2023-05-19 11:04:28', 1),
(2265, '103.132.231.221', 'ardianita06@gmail.com', 6, '2023-05-19 12:52:33', 1),
(2266, '120.188.80.221', 'ardianita06@gmail.com', 6, '2023-05-19 13:47:42', 1),
(2267, '103.160.184.6', 'ardianita06@gmail.com', 6, '2023-05-19 14:24:40', 1),
(2268, '103.160.184.6', 'ardianita06@gmail.com', 6, '2023-05-19 14:59:16', 1),
(2269, '103.184.180.97', 'ardianita06@gmail.com', 6, '2023-05-19 14:59:50', 1),
(2270, '103.184.180.97', 'ardianita06@gmail.com', 6, '2023-05-19 15:13:54', 1),
(2271, '182.2.37.133', 'email@gmail.com', 36, '2023-05-19 16:10:10', 1),
(2272, '182.2.37.133', 'muhammadhanifarafi@gmail.com', 29, '2023-05-19 16:13:16', 1),
(2273, '114.4.221.100', 'ardianita06@gmail.com', 6, '2023-05-19 16:35:50', 1),
(2274, '114.4.221.100', 'ardianita06@gmail.com', 6, '2023-05-19 16:35:51', 1),
(2275, '182.2.37.133', 'ardianitafzyh@gmail.com', 28, '2023-05-19 16:36:14', 1),
(2276, '103.160.184.6', 'ardianita06@gmail.com', 6, '2023-05-19 16:37:33', 1),
(2277, '182.2.37.133', 'oktariniarossaa@gmail.com', 33, '2023-05-19 16:42:05', 1),
(2278, '182.2.37.133', 'muhammadhanifarafi@gmail.com', 29, '2023-05-19 16:45:28', 1),
(2279, '182.2.37.133', 'email@gmail.com', 36, '2023-05-19 16:47:33', 1),
(2280, '182.2.37.133', 'ardianita06@gmail.com', 6, '2023-05-19 16:52:24', 1),
(2281, '182.2.37.133', 'ivan@gmail.com', 97, '2023-05-19 16:54:54', 1),
(2282, '103.160.184.6', 'email@gmail.com', 36, '2023-05-19 17:19:02', 1),
(2283, '182.2.37.133', 'ardianita06@gmail.com', 6, '2023-05-19 17:26:54', 1),
(2284, '125.166.9.184', 'ardianita06@gmail.com', 6, '2023-05-19 18:25:54', 1),
(2285, '101.128.111.178', 'email@gmail.com', 36, '2023-05-19 19:02:36', 1),
(2286, '101.128.111.178', 'ahmadnurwakit@gmail.com', 44, '2023-05-19 19:03:55', 1),
(2287, '101.128.111.178', 'muhammadhanifarafi@gmail.com', 29, '2023-05-19 19:05:35', 1),
(2288, '101.128.111.178', 'ardianita06@gmail.com', 6, '2023-05-19 19:31:50', 1),
(2289, '101.128.111.178', 'email@gmail.com', 36, '2023-05-19 19:49:03', 1),
(2290, '101.128.111.178', 'yeiko123', NULL, '2023-05-19 19:54:15', 0),
(2291, '101.128.111.178', 'muhammadhanifarafi@gmail.com', 29, '2023-05-19 19:54:24', 1),
(2292, '101.128.111.178', 'wibiatisekark@student.uns.ac.id', 34, '2023-05-19 19:55:39', 1),
(2293, '101.128.111.178', 'yeiko123', NULL, '2023-05-19 20:10:39', 0),
(2294, '101.128.111.178', 'muhammadhanifarafi@gmail.com', 29, '2023-05-19 20:10:54', 1),
(2295, '101.128.111.178', 'ardianita06@gmail.com', NULL, '2023-05-19 20:12:46', 0),
(2296, '101.128.111.178', 'ardianita06@gmail.com', 6, '2023-05-19 20:13:03', 1),
(2297, '101.128.111.178', 'ardianita06@gmail.com', 6, '2023-05-19 20:30:34', 1),
(2298, '101.128.111.178', 'email@gmail.com', 36, '2023-05-19 20:37:13', 1),
(2299, '114.4.221.100', 'ardianita06@gmail.com', 6, '2023-05-19 20:53:51', 1),
(2300, '101.128.111.178', 'ardianita06@gmail.com', 6, '2023-05-19 21:05:00', 1),
(2301, '101.128.111.178', 'muhammadhanifarafi@gmail.com', 29, '2023-05-19 21:23:21', 1),
(2302, '101.128.111.178', 'ardianita06@gmail.com', 6, '2023-05-19 21:32:27', 1),
(2303, '101.128.111.178', 'ahmadnurwakit@gmail.com', 44, '2023-05-19 21:56:09', 1),
(2304, '114.4.221.100', 'ardianita06@gmail.com', 6, '2023-05-19 22:07:49', 1),
(2305, '140.213.219.142', 'ardianita06@gmail.com', 6, '2023-05-19 22:29:50', 1),
(2306, '140.213.219.142', 'ardianita06@gmail.com', 6, '2023-05-19 22:39:26', 1),
(2307, '114.4.221.100', 'ardianita06@gmail.com', 6, '2023-05-19 22:39:53', 1),
(2308, '140.213.44.210', 'ardianita06@gmail.com', 6, '2023-05-19 23:08:52', 1),
(2309, '114.4.221.100', 'ardianita06@gmail.com', 6, '2023-05-19 23:12:57', 1),
(2310, '182.253.217.130', 'ahmadnurwakit@gmail.com', 44, '2023-05-19 23:17:18', 1),
(2311, '140.213.59.77', 'ardianita06@gmail.com', 6, '2023-05-19 23:29:44', 1),
(2312, '140.213.59.77', 'ardianita06@gmail.com', 6, '2023-05-19 23:41:49', 1),
(2313, '125.166.9.184', 'ardianita06@gmail.com', 6, '2023-05-19 23:51:33', 1),
(2314, '140.213.59.77', 'ardianita06@gmail.com', 6, '2023-05-19 23:52:21', 1),
(2315, '103.160.184.4', 'muhammadhanifarafi@gmail.com', 29, '2023-05-19 23:56:33', 1),
(2316, '103.160.184.4', 'email@gmail.com', 36, '2023-05-19 23:56:36', 1),
(2317, '118.99.83.93', 'ahmadnurwakit@gmail.com', 44, '2023-05-20 00:05:07', 1),
(2318, '182.253.217.130', 'ardianita06@gmail.com', 6, '2023-05-20 00:06:44', 1),
(2319, '182.253.217.130', 'ardianita06@gmail.com', NULL, '2023-05-20 00:54:12', 0),
(2320, '182.253.217.130', 'ahmadnurwakit@gmail.com', 44, '2023-05-20 00:54:25', 1),
(2321, '140.213.59.77', 'ardianita06@gmail.com', 6, '2023-05-20 01:16:04', 1),
(2322, '125.166.9.75', 'ahmadizulfikar123@gmail.com', 96, '2023-05-20 01:33:43', 1),
(2323, '140.213.59.77', 'ardianita06@gmail.com', 6, '2023-05-20 01:42:21', 1),
(2324, '140.213.59.77', 'ardianita06@gmail.com', 6, '2023-05-20 01:50:24', 1),
(2325, '182.253.217.130', 'ardianita06@gmail.com', 6, '2023-05-20 01:54:13', 1),
(2326, '140.213.176.34', 'ardianita06@gmail.com', 6, '2023-05-20 03:04:22', 1),
(2327, '103.189.201.9', 'ardianita06@gmail.com', 6, '2023-05-20 05:08:05', 1),
(2328, '103.189.201.9', 'ardianita06@gmail.com', 6, '2023-05-20 05:08:09', 1),
(2329, '103.189.201.9', 'ardianita06@gmail.com', 6, '2023-05-20 05:08:13', 1),
(2330, '140.213.170.190', 'ardianita06@gmail.com', 6, '2023-05-20 05:58:14', 1),
(2331, '140.213.170.190', 'ardianita06@gmail.com', 6, '2023-05-20 06:38:09', 1),
(2332, '140.213.176.34', 'ardianita06@gmail.com', 6, '2023-05-20 06:39:34', 1),
(2333, '103.189.201.9', 'ardianita06@gmail.com', 6, '2023-05-20 07:36:19', 1),
(2334, '103.189.201.9', 'ardianita06@gmail.com', 6, '2023-05-20 07:38:25', 1),
(2335, '103.189.201.9', 'fajri2002', NULL, '2023-05-20 07:38:42', 0),
(2336, '103.189.201.9', 'fajri2002', NULL, '2023-05-20 07:38:46', 0),
(2337, '103.189.201.9', 'fajri2002', NULL, '2023-05-20 07:38:50', 0),
(2338, '103.189.201.9', 'muhammadhanifarafi@student.uns.ac.id', 23, '2023-05-20 07:39:09', 1),
(2339, '103.189.201.9', 'darmawan123@gmail.com', 41, '2023-05-20 07:40:02', 1),
(2340, '103.189.201.9', 'darmawan123@gmail.com', 41, '2023-05-20 07:45:02', 1),
(2341, '120.188.74.252', 'ardianita06@gmail.com', 6, '2023-05-20 08:50:16', 1),
(2342, '120.188.74.252', 'ardianita06@gmail.com', 6, '2023-05-20 09:55:47', 1),
(2343, '140.213.42.148', 'ardianita06@gmail.com', 6, '2023-05-20 10:37:33', 1),
(2344, '140.213.42.148', 'ardianita06@gmail.com', 6, '2023-05-20 11:38:07', 1),
(2345, '103.189.201.9', 'ardianita06@gmail.com', 6, '2023-05-20 11:58:16', 1),
(2346, '120.188.74.252', 'ardianita06@gmail.com', 6, '2023-05-20 12:08:39', 1),
(2347, '120.188.74.252', 'viorellasv@student.uns.ac.id', 101, '2023-05-20 14:05:07', 1),
(2348, '120.188.74.252', 'ardianita06@gmail.com', 6, '2023-05-20 14:15:26', 1),
(2349, '103.160.184.4', 'ardianita06@gmail.com', 6, '2023-05-20 15:05:39', 1),
(2350, '103.189.201.9', 'darmawan123@gmail.com', 41, '2023-05-20 17:50:29', 1),
(2351, '103.189.201.9', 'ardianita06@gmail.com', 6, '2023-05-20 17:56:05', 1),
(2352, '103.189.201.9', 'ardianita06@gmail.com', 6, '2023-05-20 17:56:07', 1),
(2353, '103.189.201.9', 'darmawan123', NULL, '2023-05-20 17:57:30', 0),
(2354, '103.189.201.9', 'ardianita06@gmail.com', 6, '2023-05-20 17:57:53', 1),
(2355, '120.188.74.252', 'ardianita06@gmail.com', 6, '2023-05-20 17:58:43', 1),
(2356, '120.188.74.252', 'ardianita06@gmail.com', 6, '2023-05-20 17:58:45', 1),
(2357, '103.189.201.9', 'fajri2002', NULL, '2023-05-20 18:22:20', 0),
(2358, '103.189.201.9', 'fajri2002', NULL, '2023-05-20 18:22:26', 0),
(2359, '103.189.201.9', 'muhammadhanifarafi@student.uns.ac.id', 23, '2023-05-20 18:22:35', 1),
(2360, '120.188.74.252', 'ardianita06@gmail.com', 6, '2023-05-20 18:29:00', 1),
(2361, '103.189.201.9', 'darmawan123@gmail.com', 41, '2023-05-20 18:40:33', 1),
(2362, '120.188.74.252', 'ardianita06@gmail.com', 6, '2023-05-20 19:30:37', 1),
(2363, '103.189.201.9', 'ardianita06@gmail.com', 6, '2023-05-20 19:37:30', 1),
(2364, '103.189.201.9', 'muhammadhanifarafi@student.uns.ac.id', 23, '2023-05-20 19:38:15', 1),
(2365, '103.189.201.9', 'muhammadhanifarafi@student.uns.ac.id', 23, '2023-05-20 19:38:15', 1),
(2366, '103.189.201.9', 'darmawan123@gmail.com', 41, '2023-05-20 19:38:35', 1),
(2367, '103.189.201.9', 'ardianita06@gmail.com', 6, '2023-05-20 19:49:16', 1),
(2368, '103.189.201.9', 'darmawan123', NULL, '2023-05-20 19:50:13', 0),
(2369, '103.189.201.9', 'darmawan123', NULL, '2023-05-20 19:50:15', 0),
(2370, '103.189.201.9', 'darmawan123', NULL, '2023-05-20 19:50:26', 0),
(2371, '103.189.201.9', 'darmawan123@gmail.com', 41, '2023-05-20 19:50:34', 1),
(2372, '120.188.74.252', 'ardianita06@gmail.com', 6, '2023-05-20 20:36:45', 1),
(2373, '182.253.217.130', 'ahmadnurwakit@gmail.com', 44, '2023-05-20 20:46:51', 1),
(2374, '118.99.83.93', 'ardianita06@gmail.com', 6, '2023-05-20 20:53:56', 1),
(2375, '103.160.184.4', 'ardianita06@gmail.com', 6, '2023-05-20 21:22:30', 1),
(2376, '120.188.74.252', 'rendratrikusuma@student.uns.ac.id', 3, '2023-05-20 21:38:09', 1),
(2377, '120.188.74.252', 'rendratrikusuma@student.uns.ac.id', 3, '2023-05-20 22:37:53', 1),
(2378, '120.188.74.252', 'rendratrikusuma@student.uns.ac.id', 3, '2023-05-20 22:37:54', 1),
(2379, '120.188.74.252', 'viorellasv@student.uns.ac.id', 101, '2023-05-20 22:42:30', 1),
(2380, '103.160.184.4', 'ardianita06@gmail.com', 6, '2023-05-20 22:59:07', 1),
(2381, '182.253.217.130', 'ardianita06@gmail.com', 6, '2023-05-21 00:01:45', 1),
(2382, '182.253.217.130', 'wibiatisekark@student.uns.ac.id', 34, '2023-05-21 00:35:00', 1),
(2383, '120.188.74.252', 'ardianita06@gmail.com', 6, '2023-05-21 01:18:16', 1),
(2384, '120.188.74.252', 'ardianita06@gmail.com', 6, '2023-05-21 01:18:17', 1),
(2385, '103.189.201.9', 'ardianita06@gmail.com', 6, '2023-05-21 05:51:11', 1),
(2386, '125.166.9.59', 'ardianita06@gmail.com', 6, '2023-05-21 07:29:14', 1),
(2387, '103.189.201.9', 'darmawan123@gmail.com', 41, '2023-05-21 08:17:15', 1),
(2388, '103.189.201.9', 'ahmadyunus123@gmail.com', 88, '2023-05-21 08:18:22', 1),
(2389, '103.189.201.9', 'ardianita06@gmail.com', 6, '2023-05-21 08:24:40', 1),
(2390, '103.189.201.9', 'ardianita06@gmail.com', 6, '2023-05-21 10:06:09', 1),
(2391, '103.189.201.9', 'ardianita06@gmail.com', 6, '2023-05-21 10:21:14', 1),
(2392, '103.189.201.9', 'muhammadhanifarafi@student.uns.ac.id', 23, '2023-05-21 10:26:13', 1),
(2393, '118.99.83.93', 'ahmadnurwakit@gmail.com', 44, '2023-05-21 10:44:39', 1),
(2394, '125.164.232.147', 'ardianita06@gmail.com', 6, '2023-05-21 14:19:16', 1),
(2395, '120.188.74.252', 'rendratrikusuma@student.uns.ac.id', 3, '2023-05-21 16:40:16', 1),
(2396, '103.189.201.9', 'ardianita06@gmail.com', 6, '2023-05-21 18:22:49', 1),
(2397, '103.160.184.4', 'ardianita06@gmail.com', 6, '2023-05-21 18:29:22', 1),
(2398, '103.160.184.4', 'oktariniarossaa@gmail.com', 33, '2023-05-21 18:33:50', 1),
(2399, '103.160.184.4', 'muhammadhanifarafi@gmail.com', 29, '2023-05-21 18:52:08', 1),
(2400, '103.160.184.4', 'oktariniarossaa@gmail.com', 33, '2023-05-21 19:03:36', 1),
(2401, '140.213.173.223', 'oktariniarossaa@gmail.com', 33, '2023-05-21 19:10:00', 1),
(2402, '140.213.167.160', 'muhammadhanifarafi@gmail.com', 29, '2023-05-21 19:10:38', 1),
(2403, '103.160.184.4', 'muhammadhanifarafi@gmail.com', 29, '2023-05-21 19:17:36', 1),
(2404, '103.160.184.4', 'oktariniarossaa@gmail.com', 33, '2023-05-21 19:29:48', 1),
(2405, '103.189.201.9', 'ardianita06@gmail.com', 6, '2023-05-21 19:47:29', 1),
(2406, '118.99.83.93', 'ahmadnurwakit@gmail.com', 44, '2023-05-21 20:01:35', 1),
(2407, '118.99.83.93', 'wibiatisekar@student.uns.ac.id', NULL, '2023-05-21 20:02:07', 0),
(2408, '118.99.83.93', 'wibiatisekark@student.uns.ac.id', 34, '2023-05-21 20:02:20', 1),
(2409, '125.166.9.75', 'ahmadizulfikar123@gmail.com', 96, '2023-05-21 20:14:15', 1),
(2410, '103.160.184.4', 'muhammadhanifarafi@gmail.com', 29, '2023-05-21 20:14:21', 1),
(2411, '125.166.9.75', 'ahmadizulfikar123@gmail.com', 96, '2023-05-21 20:18:25', 1),
(2412, '182.253.217.130', 'ardianita06@gmail.com', 6, '2023-05-21 20:19:47', 1),
(2413, '103.160.184.4', 'ardianita06@gmail.com', 6, '2023-05-21 20:38:48', 1),
(2414, '103.160.184.4', 'oktarinia', NULL, '2023-05-21 20:40:21', 0),
(2415, '103.160.184.4', 'oktariniarossaa@gmail.com', 33, '2023-05-21 20:40:32', 1),
(2416, '125.166.9.75', 'ardianita06@gmail.com', 6, '2023-05-21 20:43:07', 1),
(2417, '140.213.167.160', 'muhammadhanifarafi@gmail.com', 29, '2023-05-21 20:46:52', 1),
(2418, '103.160.184.4', 'ardianita06@gmail.com', 6, '2023-05-21 20:51:59', 1),
(2419, '103.160.184.4', 'muhammadhanifarafi@gmail.com', 29, '2023-05-21 20:56:03', 1),
(2420, '103.160.184.4', 'oktariniarossaa@gmail.com', 33, '2023-05-21 21:04:46', 1),
(2421, '125.166.9.75', 'ardianita06@gmail.com', 6, '2023-05-21 21:33:32', 1),
(2422, '140.213.173.223', 'oktariniarossaa@gmail.com', 33, '2023-05-21 21:39:11', 1),
(2423, '112.215.242.172', 'ardianita06@gmail.com', 6, '2023-05-21 21:39:21', 1),
(2424, '182.253.217.130', 'ahmadnurwakit@gmail.com', 44, '2023-05-21 21:49:40', 1),
(2425, '125.166.9.75', 'ahmadizulfikar123@gmail.com', 96, '2023-05-21 21:51:36', 1),
(2426, '118.99.83.93', 'ardianita06@gmail.com', 6, '2023-05-21 21:55:41', 1),
(2427, '140.213.173.223', 'ardianita06@gmail.com', 6, '2023-05-21 22:09:02', 1),
(2428, '125.166.9.75', 'ardianita06@gmail.com', 6, '2023-05-21 22:13:58', 1),
(2429, '125.166.9.75', 'ahmadizulfikar123@gmail.com', 96, '2023-05-21 22:15:05', 1),
(2430, '103.160.184.4', 'ardianita06@gmail.com', 6, '2023-05-21 22:37:25', 1),
(2431, '118.99.83.93', 'ardianita06@gmail.com', 6, '2023-05-21 22:54:30', 1),
(2432, '112.215.242.172', 'ardianita06@gmail.com', 6, '2023-05-21 23:01:18', 1),
(2433, '112.215.242.172', 'ardianita06@gmail.com', 6, '2023-05-21 23:04:48', 1),
(2434, '112.215.242.172', 'ardianita06@gmail.com', 6, '2023-05-21 23:11:13', 1),
(2435, '112.215.242.172', 'ardianita06@gmail.com', 6, '2023-05-21 23:13:14', 1),
(2436, '125.166.9.75', 'ahmadizulfikar123@gmail.com', 96, '2023-05-21 23:23:34', 1),
(2437, '112.215.242.172', 'lindarahmawati011001@gmail.com', 7, '2023-05-21 23:23:42', 1),
(2438, '182.253.217.130', 'ahmadnurwakit@gmail.com', 44, '2023-05-21 23:31:05', 1),
(2439, '112.215.242.172', 'ardianita06@gmail.com', 6, '2023-05-22 00:05:49', 1),
(2440, '112.215.242.172', 'ardianita06@gmail.com', 6, '2023-05-22 00:05:49', 1),
(2441, '112.215.242.172', 'ardianita06@gmail.com', 6, '2023-05-22 00:05:51', 1),
(2442, '112.215.242.172', 'ardianita06@gmail.com', 6, '2023-05-22 00:05:51', 1),
(2443, '112.215.242.172', 'ardianita06@gmail.com', 6, '2023-05-22 00:05:55', 1),
(2444, '112.215.242.172', 'ardianita06@gmail.com', 6, '2023-05-22 00:05:56', 1),
(2445, '103.160.184.4', 'ardianita06@gmail.com', 6, '2023-05-22 00:10:13', 1),
(2446, '103.160.184.4', 'muhammadhanifarafi@gmail.com', 29, '2023-05-22 00:13:59', 1),
(2447, '103.160.184.4', 'oktarinia', NULL, '2023-05-22 01:09:35', 0),
(2448, '103.160.184.4', 'oktariniarossaa@gmail.com', 33, '2023-05-22 01:09:47', 1),
(2449, '182.253.217.130', 'ardianita06@gmail.com', 6, '2023-05-22 01:37:24', 1),
(2450, '114.5.102.238', 'ardianita06@gmail.com', 6, '2023-05-22 04:55:49', 1),
(2451, '114.5.102.238', 'ardianita06@gmail.com', 6, '2023-05-22 06:20:32', 1),
(2452, '114.5.102.238', 'ardianita06@gmail.com', 6, '2023-05-22 06:30:34', 1),
(2453, '103.189.201.9', 'darmawan123@gmail.com', 41, '2023-05-22 06:47:38', 1),
(2454, '103.189.201.9', 'darmawan123@gmail.com', 41, '2023-05-22 06:47:46', 1),
(2455, '103.189.201.9', 'ardianita06@gmail.com', 6, '2023-05-22 06:59:26', 1),
(2456, '103.189.201.9', 'ardianita06@gmail.com', 6, '2023-05-22 06:59:29', 1),
(2457, '120.188.74.7', 'ardianita06@gmail.com', 6, '2023-05-22 07:14:26', 1),
(2458, '120.188.74.7', 'ardianita06@gmail.com', 6, '2023-05-22 07:14:28', 1),
(2459, '120.188.74.7', 'ardianita06@gmail.com', 6, '2023-05-22 07:14:48', 1),
(2460, '103.189.201.9', 'ahmadyunus123@gmail.com', 88, '2023-05-22 08:07:37', 1),
(2461, '103.189.201.9', 'kresna2001', NULL, '2023-05-22 08:08:27', 0),
(2462, '103.189.201.9', 'kreshna2001', NULL, '2023-05-22 08:09:11', 0),
(2463, '103.189.201.9', 'muhammadhanifarafi@gmail.com', 14, '2023-05-22 08:11:15', 1),
(2464, '103.189.201.9', 'muhammadhanifarafi@gmail.com', 14, '2023-05-22 08:12:00', 1),
(2465, '120.188.74.7', 'ardianita06@gmail.com', 6, '2023-05-22 08:50:19', 1),
(2466, '120.188.74.7', 'ardianita06@gmail.com', 6, '2023-05-22 08:50:26', 1),
(2467, '114.5.244.3', 'ardianita06@gmail.com', 6, '2023-05-22 09:42:38', 1),
(2468, '114.5.244.3', 'muhammadhanifarafi@student.uns.ac.id', 23, '2023-05-22 09:51:07', 1),
(2469, '114.5.244.3', 'trisna123@gmail.com', 46, '2023-05-22 09:52:05', 1),
(2470, '114.5.244.3', 'ahmadyunus123@gmail.com', 88, '2023-05-22 09:54:29', 1),
(2471, '114.5.244.3', 'ahmadyunus123@gmail.com', 88, '2023-05-22 09:54:35', 1),
(2472, '120.188.74.7', 'ardianita06@gmail.com', 6, '2023-05-22 11:02:19', 1),
(2473, '120.188.74.7', 'ardianita06@gmail.com', 6, '2023-05-22 11:13:38', 1),
(2474, '112.215.241.102', 'ardianita06@gmail.com', 6, '2023-05-22 11:29:59', 1),
(2475, '103.132.230.70', 'muhammadhanifarafi@student.uns.ac.id', 23, '2023-05-22 11:31:49', 1),
(2476, '182.253.217.130', 'wibiatisekark@student.uns.ac.id', 34, '2023-05-22 11:31:55', 1),
(2477, '182.253.217.130', 'wibiatisekark@student.uns.ac.id', 34, '2023-05-22 11:35:33', 1),
(2478, '103.132.230.70', 'ardianita06@gmail.com', 6, '2023-05-22 11:37:22', 1),
(2479, '118.99.83.93', 'ardianita06@gmail.com', 6, '2023-05-22 11:37:22', 1),
(2480, '103.132.230.70', 'ardianita06@gmail.com', 6, '2023-05-22 11:37:26', 1),
(2481, '103.132.230.70', 'muhammadhanifarafi@student.uns.ac.id', 23, '2023-05-22 11:40:28', 1),
(2482, '103.132.230.70', 'ardianita06@gmail.com', 6, '2023-05-22 11:42:17', 1),
(2483, '120.188.74.7', 'ardianita06@gmail.com', 6, '2023-05-22 12:47:18', 1),
(2484, '120.188.74.7', 'ardianita06@gmail.com', 6, '2023-05-22 13:09:46', 1),
(2485, '120.188.74.7', 'muhammadhanifarafi@student.uns.ac.id', 23, '2023-05-22 13:10:02', 1),
(2486, '118.99.83.93', 'ardianita06@gmail.com', 6, '2023-05-22 13:27:33', 1),
(2487, '103.132.230.70', 'muhammadhanifarafi@student.uns.ac.id', 23, '2023-05-22 13:36:51', 1),
(2488, '103.132.230.70', 'ardianita06@gmail.com', 6, '2023-05-22 13:37:05', 1),
(2489, '182.253.217.130', 'ahmadnurwakit@gmail.com', 44, '2023-05-22 14:00:43', 1),
(2490, '103.160.184.4', 'ardianita06@gmail.com', 6, '2023-05-22 14:15:28', 1),
(2491, '182.253.217.130', 'ardianita06@gmail.com', 6, '2023-05-22 14:17:55', 1),
(2492, '182.253.217.130', 'ahmadnurwakit@gmail.com', 44, '2023-05-22 14:46:59', 1),
(2493, '182.253.217.130', 'ardianita06@gmail.com', 6, '2023-05-22 14:50:59', 1),
(2494, '118.99.83.93', 'wibiatisekark@student.uns.ac.id', 34, '2023-05-22 15:07:37', 1),
(2495, '182.253.217.130', 'millenia1205@student.uns.ac.id', 44, '2023-05-22 15:18:15', 1),
(2496, '118.99.83.93', 'mitra1', NULL, '2023-05-22 15:23:33', 0),
(2497, '118.99.83.93', 'mitra1', NULL, '2023-05-22 15:23:54', 0),
(2498, '182.253.217.130', 'ardianita06@gmail.com', 6, '2023-05-22 15:24:17', 1),
(2499, '182.253.217.130', 'perpuskabmadiun', NULL, '2023-05-22 15:24:40', 0),
(2500, '118.99.83.93', 'disparpora@gmail.com', 108, '2023-05-22 15:28:20', 1),
(2501, '118.99.83.93', 'millenia1205@student.uns.ac.id', 44, '2023-05-22 15:29:21', 1),
(2502, '182.253.217.130', 'wibiatisekark@student.uns.ac.id', 34, '2023-05-22 15:30:38', 1),
(2503, '103.160.184.4', 'ardianita06@gmail.com', 6, '2023-05-22 15:39:53', 1),
(2504, '103.160.184.4', 'muhammadhanifarafi@gmail.com3', 29, '2023-05-22 15:45:17', 1),
(2505, '182.253.217.130', 'ardianita06@gmail.com', 6, '2023-05-22 15:49:57', 1),
(2506, '182.253.217.130', 'tantrisetiani@student.uns.ac.id', 109, '2023-05-22 16:25:42', 1),
(2507, '103.189.201.9', 'ardianita06@gmail.com', 6, '2023-05-22 17:35:32', 1),
(2508, '103.160.184.4', 'mitra1', NULL, '2023-05-22 18:26:18', 0),
(2509, '103.160.184.4', 'nitt', NULL, '2023-05-22 18:26:38', 0),
(2510, '103.160.184.4', 'ardianita06@gmail.com', 6, '2023-05-22 18:26:47', 1),
(2511, '103.160.184.4', 'piljur', NULL, '2023-05-22 18:30:37', 0),
(2512, '103.160.184.4', 'pilihjurusan@gmail.com', 110, '2023-05-22 18:30:49', 1),
(2513, '120.188.74.7', 'ardianita06@gmail.com', 6, '2023-05-22 18:52:52', 1),
(2514, '103.160.184.4', 'pilihjurusan@gmail.com', 110, '2023-05-22 19:15:12', 1),
(2515, '103.160.184.4', 'yeiko123', NULL, '2023-05-22 19:18:21', 0),
(2516, '103.160.184.4', 'muhammadhanifarafi@gmail.com3', 29, '2023-05-22 19:18:31', 1),
(2517, '103.160.184.4', 'oktariniarossaa@gmail.com', 33, '2023-05-22 19:28:27', 1),
(2518, '120.188.74.7', 'ardianita06@gmail.com', 6, '2023-05-22 19:33:32', 1),
(2519, '103.160.184.4', 'trisna123@gmail.com', 46, '2023-05-22 19:41:01', 1),
(2520, '118.99.83.93', 'ahmatnurwakit@staff.uns.ac.id', 44, '2023-05-22 19:58:50', 1),
(2521, '182.253.217.130', 'ahmatnurwakit@staff.uns.ac.id', 44, '2023-05-22 20:00:21', 1),
(2522, '140.213.163.205', 'oktariniarossaa@gmail.com', 33, '2023-05-22 20:01:01', 1),
(2523, '103.160.184.4', 'ardianita06@gmail.com', 6, '2023-05-22 20:21:41', 1),
(2524, '140.213.171.98', 'ardianita06@gmail.com', 6, '2023-05-22 20:23:13', 1),
(2525, '103.160.184.4', 'yeiko123', NULL, '2023-05-22 20:30:56', 0),
(2526, '103.160.184.4', 'muhammadhanifarafi@gmail.com3', 29, '2023-05-22 20:31:08', 1),
(2527, '103.160.184.4', 'ardianita06@gmail.com', 6, '2023-05-22 20:33:57', 1),
(2528, '103.160.184.4', 'ardianita06@gmail.com', 6, '2023-05-22 21:08:48', 1),
(2529, '140.213.171.98', 'nita123', NULL, '2023-05-22 21:20:01', 0),
(2530, '140.213.171.98', 'ardianitafzyh@gmail.com', 28, '2023-05-22 21:20:10', 1),
(2531, '103.160.184.4', 'muhammadhanifarafi@gmail.com3', 29, '2023-05-22 21:21:39', 1),
(2532, '140.213.171.98', 'muhammadhanifarafi@gmail.com3', 29, '2023-05-22 21:22:01', 1),
(2533, '140.213.171.98', 'ardianita06@gmail.com', 6, '2023-05-22 21:25:41', 1);
INSERT INTO `auth_logins` (`id`, `ip_address`, `email`, `user_id`, `date`, `success`) VALUES
(2534, '120.188.74.7', 'ardianita06@gmail.com', 6, '2023-05-22 21:39:45', 1),
(2535, '120.188.74.7', 'ardianita06@gmail.com', 6, '2023-05-22 21:39:46', 1),
(2536, '120.188.74.7', 'ardianita06@gmail.com', 6, '2023-05-22 22:00:36', 1),
(2537, '120.188.74.7', 'ardianita06@gmail.com', 6, '2023-05-22 22:03:30', 1),
(2538, '182.253.217.130', 'ahmatnurwakit@staff.uns.ac.id', 44, '2023-05-22 22:12:19', 1),
(2539, '120.188.74.7', 'ardianita06@gmail.com', 6, '2023-05-22 23:23:19', 1),
(2540, '103.160.184.4', 'ardianita06@gmail.com', 6, '2023-05-22 23:33:01', 1),
(2541, '103.160.184.4', 'oktariniarossaa@gmail.com', 33, '2023-05-22 23:33:56', 1),
(2542, '103.160.184.4', 'oktariniarossaa14@student.uns.ac.id', 33, '2023-05-22 23:40:48', 1),
(2543, '103.160.184.4', 'oktariniarossaa14@student.uns.ac.id', 33, '2023-05-22 23:43:58', 1),
(2544, '120.188.74.7', 'muhammadhanifarafi@student.uns.ac.id', 23, '2023-05-23 00:15:57', 1),
(2545, '103.160.184.4', 'ardianita06@gmail.com', 6, '2023-05-23 00:21:36', 1),
(2546, '120.188.74.7', 'ardianita06@gmail.com', 6, '2023-05-23 00:22:22', 1),
(2547, '182.253.217.130', 'ahmatnurwakit@staff.uns.ac.id', 44, '2023-05-23 05:59:20', 1),
(2548, '120.188.74.7', 'ardianita06@gmail.com', 6, '2023-05-23 07:08:24', 1),
(2549, '103.189.201.9', 'ardianita06@gmail.com', 6, '2023-05-23 07:50:53', 1),
(2550, '103.189.201.9', 'darmawan123@gmail.com', 41, '2023-05-23 07:54:03', 1),
(2551, '103.189.201.9', 'ahmadyunus123@gmail.com', 88, '2023-05-23 08:01:44', 1),
(2552, '103.189.201.9', 'darmawan123@gmail.com', 41, '2023-05-23 08:21:47', 1),
(2553, '103.189.201.9', 'ardianita06@gmail.com', 6, '2023-05-23 08:22:47', 1),
(2554, '118.99.83.93', 'ahmatnurwakit@staff.uns.ac.id', 44, '2023-05-23 09:27:25', 1),
(2555, '103.132.230.70', 'ardianita06@gmail.com', 6, '2023-05-23 09:34:46', 1),
(2556, '103.132.230.70', 'muhammadhanifarafi@gmail.com3', 29, '2023-05-23 09:42:36', 1),
(2557, '103.132.230.70', 'darmawan123@gmail.com', 41, '2023-05-23 09:45:11', 1),
(2558, '103.132.230.70', 'ardianita06@gmail.com', 6, '2023-05-23 09:46:10', 1),
(2559, '103.132.230.70', 'darmawan123@staff.uns.ac.id', 41, '2023-05-23 09:48:25', 1),
(2560, '112.215.244.120', 'ardianita06@gmail.com', 6, '2023-05-23 10:27:09', 1),
(2561, '103.132.230.70', 'muhammadhanifarafi@student.uns.ac.id', 23, '2023-05-23 10:40:23', 1),
(2562, '103.132.230.70', 'darmawan123@staff.uns.ac.id', 41, '2023-05-23 10:40:48', 1),
(2563, '112.215.244.120', 'ardianita06@gmail.com', 6, '2023-05-23 10:56:10', 1),
(2564, '112.215.244.120', 'lindarahmawati011001@gmail.com', 7, '2023-05-23 11:33:53', 1),
(2565, '120.188.74.7', 'ardianita06@gmail.com', 6, '2023-05-23 12:00:45', 1),
(2566, '103.132.230.70', 'ardianita06@gmail.com', 6, '2023-05-23 12:50:23', 1),
(2567, '103.160.184.4', 'oktariniarossaa14@student.uns.ac.id', 33, '2023-05-23 13:27:47', 1),
(2568, '103.160.184.4', 'muhammadhanifarafi@gmail.com3', 29, '2023-05-23 13:33:13', 1),
(2569, '103.160.184.4', 'ardianita06@gmail.com', 6, '2023-05-23 13:41:11', 1),
(2570, '118.99.83.93', 'trisna123@gmail.com', 46, '2023-05-23 13:51:34', 1),
(2571, '118.99.83.93', 'trisna123@gmail.com', 46, '2023-05-23 13:51:39', 1),
(2572, '103.160.184.4', 'oktariniarossaa14@student.uns.ac.id', 33, '2023-05-23 14:48:07', 1),
(2573, '103.160.184.4', 'muhammadhanifarafi@student.uns.ac.id', 23, '2023-05-23 14:53:04', 1),
(2574, '103.189.201.9', 'muhammadhanifarafi@student.uns.ac.id', 23, '2023-05-23 15:11:10', 1),
(2575, '103.160.184.4', 'muhammadhanifarafi@student.uns.ac.id', 23, '2023-05-23 15:12:26', 1),
(2576, '103.160.184.4', 'oktariniarossaa14@student.uns.ac.id', 33, '2023-05-23 15:18:27', 1),
(2577, '182.253.217.130', 'wibiatisekark@student.uns.ac.id', 34, '2023-05-23 15:39:01', 1),
(2578, '103.160.184.4', 'muhammadhanifarafi@gmail.com3', 29, '2023-05-23 15:50:25', 1),
(2579, '182.253.217.130', 'trisna123@gmail.com', 46, '2023-05-23 15:58:06', 1),
(2580, '182.253.217.130', 'wibiatisekark@student.uns.ac.id', 34, '2023-05-23 15:58:27', 1),
(2581, '182.253.217.130', 'wibiatisekark@student.uns.ac.id', 34, '2023-05-23 15:58:31', 1),
(2582, '103.160.184.4', 'oktariniarossaa14@student.uns.ac.id', 33, '2023-05-23 16:11:21', 1),
(2583, '103.189.201.9', 'muhammadhanifarafi@student.uns.ac.id', 23, '2023-05-23 16:21:47', 1),
(2584, '103.160.184.4', 'yeiko123', NULL, '2023-05-23 17:35:36', 0),
(2585, '103.160.184.4', 'yeiko123', NULL, '2023-05-23 17:35:48', 0),
(2586, '103.160.184.4', 'muhammadhanifarafi@gmail.com3', 29, '2023-05-23 17:36:01', 1),
(2587, '103.160.184.4', 'ardianita06@gmail.com', 6, '2023-05-23 17:36:47', 1),
(2588, '103.160.184.4', 'suksesjaya123@gmail.com', 99, '2023-05-23 17:55:05', 1),
(2589, '120.188.74.7', 'ardianita06@gmail.com', 6, '2023-05-23 18:00:51', 1),
(2590, '103.160.184.4', 'muhammadhanifarafi@gmail.com3', 29, '2023-05-23 18:58:33', 1),
(2591, '120.188.87.232', 'ardianita06@gmail.com', 6, '2023-05-23 19:01:57', 1),
(2592, '103.160.184.4', 'suksesjaya123@gmail.com', 99, '2023-05-23 19:03:07', 1),
(2593, '120.188.87.232', 'fajri2002', NULL, '2023-05-23 19:03:07', 0),
(2594, '120.188.87.232', 'fajri2002', NULL, '2023-05-23 19:03:33', 0),
(2595, '120.188.87.232', 'fajri2002', NULL, '2023-05-23 19:04:24', 0),
(2596, '120.188.87.232', 'fajri2002', NULL, '2023-05-23 19:04:37', 0),
(2597, '120.188.87.232', 'muhammadhanifarafi@student.uns.ac.id', 23, '2023-05-23 19:04:59', 1),
(2598, '103.160.184.4', 'oktariniarossaa14@student.uns.ac.id', 33, '2023-05-23 19:09:34', 1),
(2599, '103.160.184.4', 'ardianita06@gmail.com', 6, '2023-05-23 19:11:39', 1),
(2600, '120.188.74.7', 'ardianita06@gmail.com', 6, '2023-05-23 19:36:05', 1),
(2601, '103.160.184.4', 'ardianita06@gmail.com', 6, '2023-05-23 19:46:47', 1),
(2602, '120.188.74.7', 'ardianita06@gmail.com', 6, '2023-05-23 20:01:48', 1),
(2603, '114.5.245.27', 'ahmatnurwakit@staff.uns.ac.id', 44, '2023-05-23 20:43:56', 1),
(2604, '114.5.245.27', 'wibiatisekark@student.uns.ac.id', 34, '2023-05-23 21:07:52', 1),
(2605, '140.213.59.70', 'muhammadhanifarafi@gmail.com3', 29, '2023-05-23 21:51:07', 1),
(2606, '140.213.59.70', 'muhammadhanifarafi@gmail.com3', 29, '2023-05-23 21:51:17', 1),
(2607, '140.213.59.70', 'muhammadhanifarafi@gmail.com3', 29, '2023-05-23 21:51:17', 1),
(2608, '140.213.59.70', 'muhammadhanifarafi@gmail.com3', 29, '2023-05-23 21:51:18', 1),
(2609, '140.213.59.70', 'muhammadhanifarafi@gmail.com3', 29, '2023-05-23 21:51:18', 1),
(2610, '140.213.59.70', 'muhammadhanifarafi@gmail.com3', 29, '2023-05-23 21:51:18', 1),
(2611, '140.213.59.70', 'muhammadhanifarafi@gmail.com3', 29, '2023-05-23 21:51:19', 1),
(2612, '103.160.184.4', 'ardianita06@gmail.com', 6, '2023-05-23 21:51:20', 1),
(2613, '140.213.59.70', 'muhammadhanifarafi@gmail.com3', 29, '2023-05-23 21:51:25', 1),
(2614, '140.213.59.70', 'ardianita06@gmail.com', 6, '2023-05-23 21:52:57', 1),
(2615, '114.5.245.27', 'ahmatnurwakit@staff.uns.ac.id', 44, '2023-05-23 22:02:22', 1),
(2616, '125.166.9.75', 'ardianita06@gmail.com', 6, '2023-05-23 22:08:22', 1),
(2617, '125.166.9.75', 'ahmadizulfikar123@gmail.com', 96, '2023-05-23 22:15:40', 1),
(2618, '140.213.59.70', 'ardianita06@gmail.com', 6, '2023-05-23 22:37:32', 1),
(2619, '125.166.9.75', 'ardianita06@gmail.com', 6, '2023-05-23 22:55:25', 1),
(2620, '103.160.184.4', 'ardianita06@gmail.com', 6, '2023-05-23 22:56:27', 1),
(2621, '140.213.59.70', 'ardianita06@gmail.com', 6, '2023-05-23 22:59:38', 1),
(2622, '125.166.9.75', 'ardianita06@gmail.com', 6, '2023-05-23 23:24:38', 1),
(2623, '125.166.9.75', 'ahmadizulfikar123@gmail.com', 96, '2023-05-23 23:39:39', 1),
(2624, '103.160.184.4', 'ardianita06@gmail.com', 6, '2023-05-23 23:57:32', 1),
(2625, '140.213.160.153', 'ardianita06@gmail.com', 6, '2023-05-24 01:28:39', 1),
(2626, '125.166.9.59', 'ardianita06@gmail.com', 6, '2023-05-24 03:31:11', 1),
(2627, '140.213.160.153', 'ardianita06@gmail.com', 6, '2023-05-24 04:01:43', 1),
(2628, '125.166.9.59', 'ardianita06@gmail.com', 6, '2023-05-24 05:23:58', 1),
(2629, '140.213.162.159', 'ardianita06@gmail.com', 6, '2023-05-24 05:45:42', 1),
(2630, '125.166.9.59', 'darmawan123@staff.uns.ac.id', 41, '2023-05-24 05:54:21', 1),
(2631, '120.188.74.7', 'ardianita06@gmail.com', 6, '2023-05-24 05:58:19', 1),
(2632, '140.213.162.159', 'muhammadhanifarafi@gmail.com3', 29, '2023-05-24 06:29:32', 1),
(2633, '140.213.160.153', 'ardianitafzyh@gmail.com', 28, '2023-05-24 06:30:05', 1),
(2634, '140.213.162.159', 'ardianita06@gmail.com', 6, '2023-05-24 06:47:33', 1),
(2635, '140.213.162.159', 'ardianita06@gmail.com', 6, '2023-05-24 07:19:48', 1),
(2636, '140.213.160.153', 'ivann@gmail.com', 97, '2023-05-24 07:20:06', 1),
(2637, '140.213.162.159', 'muhammadhanifarafi@gmail.com3', 29, '2023-05-24 07:22:26', 1),
(2638, '140.213.160.153', 'suksesjaya123@gmail.com', 99, '2023-05-24 07:41:25', 1),
(2639, '140.213.160.153', 'ardianita06@gmail.com', 6, '2023-05-24 07:57:23', 1),
(2640, '140.213.162.159', 'muhammadhanifarafi@gmail.com3', 29, '2023-05-24 08:42:20', 1),
(2641, '140.213.162.159', 'suksesjaya123@gmail.com', 99, '2023-05-24 08:42:38', 1),
(2642, '140.213.160.153', 'oktariniarossaa14@student.uns.ac.id', 33, '2023-05-24 08:49:47', 1),
(2643, '140.213.160.153', 'muhammadhanifarafi@gmail.com3', 29, '2023-05-24 08:50:55', 1),
(2644, '103.160.184.4', 'oktariniarossaa14@student.uns.ac.id', 33, '2023-05-24 09:06:11', 1),
(2645, '140.213.160.153', 'ardianita06@gmail.com', 6, '2023-05-24 09:08:45', 1),
(2646, '103.132.230.70', 'ardianita06@gmail.com', 6, '2023-05-24 09:15:18', 1),
(2647, '103.160.184.4', 'muhammadhanifarafi@gmail.com3', 29, '2023-05-24 09:18:27', 1),
(2648, '103.132.230.70', 'muhammadhanifarafi@student.uns.ac.id', 23, '2023-05-24 09:20:37', 1),
(2649, '103.132.230.70', 'rendratrikusuma@student.uns.ac.id', 3, '2023-05-24 09:21:37', 1),
(2650, '103.160.184.4', 'suksesjaya123@gmail.com', 99, '2023-05-24 09:29:00', 1),
(2651, '103.160.184.4', 'fajri2002', NULL, '2023-05-24 09:35:04', 0),
(2652, '103.160.184.4', 'muhammadhanifarafi@student.uns.ac.id', 23, '2023-05-24 09:35:15', 1),
(2653, '103.160.184.4', 'oktariniarossaa14@student.uns.ac.id', 33, '2023-05-24 09:36:14', 1),
(2654, '103.132.230.70', 'rendratrikusuma@student.uns.ac.id', 3, '2023-05-24 10:00:10', 1),
(2655, '103.132.230.70', 'ardianita06@gmail.com', 6, '2023-05-24 10:05:20', 1),
(2656, '103.132.230.70', 'muhammadhanifarafi@student.uns.ac.id', 23, '2023-05-24 10:08:25', 1),
(2657, '103.132.230.70', 'muhammadhanifarafi@student.uns.ac.id', 23, '2023-05-24 10:11:15', 1),
(2658, '103.132.230.70', 'ardianita06@gmail.com', 6, '2023-05-24 10:12:06', 1),
(2659, '103.132.230.70', 'muhammadhanifarafi@student.uns.ac.id', 23, '2023-05-24 10:12:54', 1),
(2660, '103.132.230.70', 'trisna123', NULL, '2023-05-24 10:13:40', 0),
(2661, '103.132.230.70', 'trisna123', NULL, '2023-05-24 10:13:59', 0),
(2662, '103.132.230.70', 'trisna123@gmail.com', 46, '2023-05-24 10:14:13', 1),
(2663, '103.132.230.70', 'darmawan123@staff.uns.ac.id', 41, '2023-05-24 10:16:38', 1),
(2664, '182.253.217.130', 'ahmatnurwakit@staff.uns.ac.id', 44, '2023-05-24 10:49:49', 1),
(2665, '182.253.217.130', 'ardianita06@gmail.com', 6, '2023-05-24 10:55:56', 1),
(2666, '103.132.230.70', 'ardianita06@gmail.com', 6, '2023-05-24 11:04:45', 1),
(2667, '118.99.83.93', 'wibiatisekark@student.uns.ac.id', 34, '2023-05-24 12:25:05', 1),
(2668, '120.188.74.7', 'ardianita06@gmail.com', 6, '2023-05-24 12:25:22', 1),
(2669, '120.188.74.7', 'muhammadhanifarafi@student.uns.ac.id', 23, '2023-05-24 12:29:08', 1),
(2670, '120.188.74.7', 'darmawan123@staff.uns.ac.id', 41, '2023-05-24 12:36:30', 1),
(2671, '120.188.74.7', 'ardianita06@gmail.com', 6, '2023-05-24 12:37:12', 1),
(2672, '182.253.217.130', 'ardianita06@gmail.com', 6, '2023-05-24 12:39:41', 1),
(2673, '120.188.74.7', 'darmawan123@staff.uns.ac.id', 41, '2023-05-24 12:41:54', 1),
(2674, '120.188.74.7', 'ardianita06@gmail.com', 6, '2023-05-24 12:45:50', 1),
(2675, '125.163.149.222', 'muhammadhanifarafi@gmail.com3', 29, '2023-05-24 13:02:44', 1),
(2676, '140.213.40.226', 'ahmadizulfikar123@gmail.com', 96, '2023-05-24 13:06:08', 1),
(2677, '140.213.40.226', 'ardianita06@gmail.com', 6, '2023-05-24 13:15:08', 1),
(2678, '125.163.149.222', 'muhammadhanifarafi@student.uns.ac.id', 23, '2023-05-24 13:20:36', 1),
(2679, '125.163.149.222', 'muhammadhanifarafi@gmail.com3', 29, '2023-05-24 13:22:17', 1),
(2680, '182.253.217.130', 'ardianita06@gmail.com', 6, '2023-05-24 14:00:50', 1),
(2681, '182.253.217.130', 'wibiatisekark@student.uns.ac.id', 34, '2023-05-24 14:01:40', 1),
(2682, '182.253.217.130', 'trisna123@gmail.com', 46, '2023-05-24 14:03:27', 1),
(2683, '118.99.83.93', 'wibiatisekark@student.uns.ac.id', 34, '2023-05-24 14:14:59', 1),
(2684, '118.99.83.93', 'ardianita06@gmail.com', 6, '2023-05-24 14:16:05', 1),
(2685, '103.184.180.97', 'ahmadizulfikar123@gmail.com', 96, '2023-05-24 15:02:53', 1),
(2686, '120.188.74.7', 'ardianita06@gmail.com', 6, '2023-05-24 15:03:34', 1),
(2687, '103.184.180.97', 'ahmadizulfikar123@gmail.com', 96, '2023-05-24 15:06:22', 1),
(2688, '182.253.217.130', 'wibiatisekark@student.uns.ac.id', 34, '2023-05-24 15:50:02', 1),
(2689, '101.128.111.178', 'nitt', NULL, '2023-05-24 16:28:35', 0),
(2690, '101.128.111.178', 'ardianita06@gmail.com', 6, '2023-05-24 16:28:47', 1),
(2691, '101.128.111.178', 'yeiko123', NULL, '2023-05-24 16:32:52', 0),
(2692, '101.128.111.178', 'yeiko123', NULL, '2023-05-24 16:33:15', 0),
(2693, '101.128.111.178', 'muhammadhanifarafi@gmail.com3', 29, '2023-05-24 16:33:32', 1),
(2694, '114.5.245.27', 'wibiatisekark@student.uns.ac.id', 34, '2023-05-24 16:34:02', 1),
(2695, '101.128.111.178', 'oktariniarossaa14@student.uns.ac.id', 33, '2023-05-24 16:57:02', 1),
(2696, '101.128.110.145', 'ahmatnurwakit@staff.uns.ac.id', 44, '2023-05-24 17:02:34', 1),
(2697, '101.128.110.145', 'ardianita06@gmail.com', 6, '2023-05-24 17:04:07', 1),
(2698, '101.128.110.145', 'ahmatnurwakit@staff.uns.ac.id', 44, '2023-05-24 17:05:54', 1),
(2699, '103.184.180.97', 'ardianita06@gmail.com', 6, '2023-05-24 17:10:50', 1),
(2700, '103.184.180.97', 'ardianita06@gmail.com', 6, '2023-05-24 18:23:03', 1),
(2701, '103.184.180.97', 'darmawan123@staff.uns.ac.id', 41, '2023-05-24 18:28:50', 1),
(2702, '125.166.9.75', 'ahmadizulfikar123@gmail.com', 96, '2023-05-24 19:47:42', 1),
(2703, '140.213.168.57', 'muhammadhanifarafi@student.uns.ac.id', 23, '2023-05-24 20:05:17', 1),
(2704, '140.213.168.57', 'muhammadhanifarafi@gmail.com3', 29, '2023-05-24 20:06:45', 1),
(2705, '140.213.168.57', 'suksesjaya123@gmail.com', 99, '2023-05-24 20:22:51', 1),
(2706, '120.188.74.7', 'ardianita06@gmail.com', 6, '2023-05-24 20:49:51', 1),
(2707, '203.78.118.200', 'ardianita06@gmail.com', 6, '2023-05-24 21:20:02', 1),
(2708, '101.128.110.145', 'wibiatisekark@student.uns.ac.id', 34, '2023-05-24 21:20:09', 1),
(2709, '203.78.118.200', 'ardianita06@gmail.com', 6, '2023-05-24 21:52:22', 1),
(2710, '118.99.83.88', 'ahmatnurwakit@staff.uns.ac.id', 44, '2023-05-24 22:54:12', 1),
(2711, '203.78.118.200', 'ardianita06@gmail.com', 6, '2023-05-24 22:56:49', 1),
(2712, '182.253.217.130', 'wibiatisekark@student.uns.ac.id', 34, '2023-05-24 23:06:18', 1),
(2713, '203.78.118.200', 'muhammadhanifarafi@gmail.com3', 29, '2023-05-24 23:34:35', 1),
(2714, '203.78.118.200', 'ardianita06@gmail.com', 6, '2023-05-25 01:10:32', 1),
(2715, '114.5.221.2', 'ardianita06@gmail.com', 6, '2023-05-25 05:42:53', 1),
(2716, '118.99.83.88', 'wibiatisekark@student.uns.ac.id', 34, '2023-05-25 05:44:14', 1),
(2717, '182.253.217.130', 'ardianita06@gmail.com', 6, '2023-05-25 06:00:58', 1),
(2718, '140.213.166.5', 'muhammadhanifarafi@gmail.com3', 29, '2023-05-25 06:05:50', 1),
(2719, '140.213.166.5', 'suksesjaya123@gmail.com', 99, '2023-05-25 06:09:37', 1),
(2720, '140.213.168.38', 'trisna123@gmail.com', 46, '2023-05-25 06:22:45', 1),
(2721, '140.213.168.38', 'muhammadhanifarafi@gmail.com3', 29, '2023-05-25 06:24:26', 1),
(2722, '118.99.83.88', 'wibiatisekark@student.uns.ac.id', 34, '2023-05-25 06:38:14', 1),
(2723, '140.213.166.5', 'muhammadhanifarafi@student.uns.ac.id', 23, '2023-05-25 06:43:18', 1),
(2724, '140.213.166.5', 'ardianita06@gmail.com', 6, '2023-05-25 07:11:40', 1),
(2725, '114.5.221.2', 'ardianita06@gmail.com', 6, '2023-05-25 07:37:54', 1),
(2726, '114.5.221.2', 'darmawan123@staff.uns.ac.id', 41, '2023-05-25 07:43:23', 1),
(2727, '114.5.221.2', 'ardianita06@gmail.com', 6, '2023-05-25 08:50:52', 1),
(2728, '114.5.221.2', 'ardianita06@gmail.com', 6, '2023-05-25 09:38:46', 1),
(2729, '182.253.217.130', 'ahmatnurwakit@staff.uns.ac.id', 44, '2023-05-25 10:24:23', 1),
(2730, '103.132.230.70', 'ardianita06@gmail.com', 6, '2023-05-25 10:27:29', 1),
(2731, '114.5.221.2', 'ardianita06@gmail.com', 6, '2023-05-25 10:32:35', 1),
(2732, '114.5.221.2', 'ardianita06@gmail.com', 6, '2023-05-25 10:32:35', 1),
(2733, '182.253.217.130', 'wibiatisekark@student.uns.ac.id', 34, '2023-05-25 11:22:51', 1),
(2734, '103.132.230.70', 'ardianita06@gmail.com', 6, '2023-05-25 11:35:22', 1),
(2735, '103.132.230.70', 'muhammadhanifarafi@student.uns.ac.id', 23, '2023-05-25 11:45:59', 1),
(2736, '103.132.230.70', 'darmawan123@staff.uns.ac.id', 41, '2023-05-25 11:49:28', 1),
(2737, '114.5.221.2', 'ardianita06@gmail.com', 6, '2023-05-25 11:57:05', 1),
(2738, '118.99.83.88', 'wibiatisekark@student.uns.ac.id', 34, '2023-05-25 12:17:36', 1),
(2739, '114.5.221.2', 'muhammadhanifarafi@student.uns.ac.id', 23, '2023-05-25 12:42:44', 1),
(2740, '114.5.221.2', 'rendratrikusuma@student.uns.ac.id', 3, '2023-05-25 12:46:38', 1),
(2741, '182.253.217.130', 'ahmatnurwakit@staff.uns.ac.id', 44, '2023-05-25 14:25:49', 1),
(2742, '140.213.164.197', 'ardianita06@gmail.com', 6, '2023-05-25 15:15:30', 1),
(2743, '182.253.217.130', 'ardianita06@gmail.com', 6, '2023-05-25 15:32:04', 1),
(2744, '182.253.217.130', 'wibiatisekark@student.uns.ac.id', 34, '2023-05-25 15:43:41', 1),
(2745, '103.160.184.4', 'nitt', NULL, '2023-05-25 15:46:43', 0),
(2746, '103.160.184.4', 'ardianita06@gmail.com', 6, '2023-05-25 15:46:53', 1),
(2747, '182.253.217.130', 'ardianita06@gmail.com', NULL, '2023-05-25 15:50:23', 0),
(2748, '182.253.217.130', 'ardianita06@gmail.com', 6, '2023-05-25 15:50:35', 1),
(2749, '182.253.217.130', 'wibiatisekark@student.uns.ac.id', 34, '2023-05-25 16:11:31', 1),
(2750, '103.189.201.9', 'fajri2002', NULL, '2023-05-25 16:31:16', 0),
(2751, '103.189.201.9', 'muhammadhanifarafi@student.uns.ac.id', 23, '2023-05-25 16:31:29', 1),
(2752, '103.189.201.9', 'darmawan123@staff.uns.ac.id', 41, '2023-05-25 16:32:00', 1),
(2753, '103.189.201.9', 'darmawan123@staff.uns.ac.id', 41, '2023-05-25 16:32:03', 1),
(2754, '103.189.201.9', 'ahmadyunus123@gmail.com', 88, '2023-05-25 16:33:44', 1),
(2755, '103.189.201.9', 'ahmadyunus123@gmail.com', 88, '2023-05-25 16:33:46', 1),
(2756, '114.5.245.27', 'wibiatisekark@student.uns.ac.id', 34, '2023-05-25 16:37:01', 1),
(2757, '114.5.245.27', 'wibiatisekark@student.uns.ac.id', 34, '2023-05-25 16:37:08', 1),
(2758, '114.5.221.2', 'ardianita06@gmail.com', 6, '2023-05-25 17:55:35', 1),
(2759, '103.160.184.4', 'ardianita06@gmail.com', 6, '2023-05-25 18:09:20', 1),
(2760, '103.160.184.4', 'oktariniarossaa14@student.uns.ac.id', 33, '2023-05-25 18:14:53', 1),
(2761, '103.160.184.4', 'ardianita06@gmail.com', 6, '2023-05-25 18:15:49', 1),
(2762, '114.5.221.2', 'ardianita06@gmail.com', 6, '2023-05-25 18:25:57', 1),
(2763, '103.160.184.4', 'muhammadhanifarafi@gmail.com3', 29, '2023-05-25 18:37:20', 1),
(2764, '103.189.201.9', 'ardianita06@gmail.com', 6, '2023-05-25 19:32:17', 1),
(2765, '103.189.201.9', 'ardianita06@gmail.com', 6, '2023-05-25 19:32:18', 1),
(2766, '103.160.184.4', 'yeiko123', NULL, '2023-05-25 19:38:43', 0),
(2767, '103.160.184.4', 'muhammadhanifarafi@gmail.com3', 29, '2023-05-25 19:38:53', 1),
(2768, '103.160.184.4', 'ardianita06@gmail.com', 6, '2023-05-25 19:39:20', 1),
(2769, '182.253.217.130', 'ahmatnurwakit@staff.uns.ac.id', 44, '2023-05-25 19:48:48', 1),
(2770, '118.99.83.88', 'wibiatisekark@student.uns.ac.id', 34, '2023-05-25 20:01:06', 1),
(2771, '114.5.221.2', 'ardianita06@gmail.com', 6, '2023-05-25 20:23:24', 1),
(2772, '103.160.184.4', 'yeiko123', NULL, '2023-05-25 20:34:54', 0),
(2773, '103.160.184.4', 'yeiko123', NULL, '2023-05-25 20:35:02', 0),
(2774, '103.160.184.4', 'yeiko123', NULL, '2023-05-25 20:35:16', 0),
(2775, '103.160.184.4', 'muhammadhanifarafi@gmail.com3', 29, '2023-05-25 20:35:23', 1),
(2776, '103.160.184.4', 'oktariniarossaa14@student.uns.ac.id', 33, '2023-05-25 20:41:26', 1),
(2777, '140.213.59.194', 'nitt', NULL, '2023-05-25 20:53:21', 0),
(2778, '140.213.59.194', 'ardianita06@gmail.com', 6, '2023-05-25 20:53:39', 1),
(2779, '118.99.83.88', 'ardianita06@gmail.com', 6, '2023-05-25 21:12:42', 1),
(2780, '103.160.184.4', 'muhammadhanifarafi@gmail.com3', 29, '2023-05-25 21:12:51', 1),
(2781, '103.160.184.4', 'ardianita06@gmail.com', 6, '2023-05-25 21:20:55', 1),
(2782, '120.188.86.142', 'ardianita06@gmail.com', 6, '2023-05-25 21:21:42', 1),
(2783, '182.253.217.130', 'oktarinia', NULL, '2023-05-25 21:25:11', 0),
(2784, '182.253.217.130', 'oktarinia', NULL, '2023-05-25 21:25:23', 0),
(2785, '182.253.217.130', 'wibiatisekark@student.uns.ac.id', 34, '2023-05-25 21:25:34', 1),
(2786, '103.160.184.4', 'fajri2002', NULL, '2023-05-25 21:28:09', 0),
(2787, '103.160.184.4', 'fajri2002', NULL, '2023-05-25 21:28:25', 0),
(2788, '103.160.184.4', 'muhammadhanifarafi@student.uns.ac.id', 23, '2023-05-25 21:28:38', 1),
(2789, '103.160.184.4', 'ardianita06@gmail.com', 6, '2023-05-25 21:57:31', 1),
(2790, '103.160.184.4', 'muhammadhanifarafi@student.uns.ac.id', 23, '2023-05-25 22:00:42', 1),
(2791, '103.160.184.4', 'yeiko123', NULL, '2023-05-25 22:31:42', 0),
(2792, '103.160.184.4', 'muhammadhanifarafi@gmail.com3', 29, '2023-05-25 22:31:57', 1),
(2793, '118.99.83.88', 'ahmatnurwakit@staff.uns.ac.id', 44, '2023-05-25 22:59:59', 1),
(2794, '103.160.184.4', 'muhammadhanifarafi@student.uns.ac.id', 23, '2023-05-25 23:00:46', 1),
(2795, '182.253.217.130', 'wibiatisekark@student.uns.ac.id', 34, '2023-05-25 23:13:59', 1),
(2796, '140.213.164.81', 'ardianita06@gmail.com', 6, '2023-05-26 01:23:59', 1),
(2797, '103.189.201.9', 'ardianita06@gmail.com', 6, '2023-05-26 06:24:22', 1),
(2798, '103.189.201.9', 'ardianita06@gmail.com', 6, '2023-05-26 06:24:23', 1),
(2799, '103.132.230.70', 'ardianita06@gmail.com', 6, '2023-05-26 08:51:53', 1),
(2800, '140.213.162.187', 'muhammadhanifarafi@gmail.com3', 29, '2023-05-26 09:01:53', 1),
(2801, '182.253.217.130', 'ahmatnurwakit@staff.uns.ac.id', 44, '2023-05-26 09:05:30', 1),
(2802, '182.253.217.130', 'ahmatnurwakit@staff.uns.ac.id', 44, '2023-05-26 09:12:23', 1),
(2803, '118.99.83.88', 'wibiatisekark@student.uns.ac.id', 34, '2023-05-26 09:31:47', 1),
(2804, '118.99.83.88', 'wibiatisekark@student.uns.ac.id', 34, '2023-05-26 09:42:32', 1),
(2805, '103.132.230.70', 'ardianita06@gmail.com', 6, '2023-05-26 10:31:17', 1),
(2806, '103.160.184.4', 'yeiko123', NULL, '2023-05-26 10:34:18', 0),
(2807, '103.160.184.4', 'ardianita06@gmail.com', 6, '2023-05-26 10:34:38', 1),
(2808, '182.253.217.130', 'ahmatnurwakit@staff.uns.ac.id', 44, '2023-05-26 10:46:05', 1),
(2809, '182.253.217.130', 'wibiatisekark@student.uns.ac.id', 34, '2023-05-26 10:47:35', 1),
(2810, '118.99.83.88', 'wibiatisekark@student.uns.ac.id', 34, '2023-05-26 11:39:48', 1),
(2811, '118.99.83.88', 'ahmatnurwakit@staff.uns.ac.id', 44, '2023-05-26 11:41:32', 1),
(2812, '103.132.230.70', 'ardianita06@gmail.com', 6, '2023-05-26 12:36:35', 1),
(2813, '114.5.245.27', 'ahmatnurwakit@staff.uns.ac.id', 44, '2023-05-26 13:21:55', 1),
(2814, '114.5.245.27', 'ardianita06@gmail.com', 6, '2023-05-26 13:35:01', 1),
(2815, '140.213.42.47', 'ardianita06@gmail.com', 6, '2023-05-26 13:57:49', 1),
(2816, '125.164.233.177', 'ahmatnurwakit@staff.uns.ac.id', 44, '2023-05-26 14:06:05', 1),
(2817, '120.188.86.142', 'ardianita06@gmail.com', 6, '2023-05-26 14:24:14', 1),
(2818, '140.213.42.47', 'ardianita06@gmail.com', 6, '2023-05-26 14:30:32', 1),
(2819, '120.188.86.142', 'ridhorifai88@student.uns.ac.id', NULL, '2023-05-26 14:31:38', 0),
(2820, '120.188.86.142', 'ridhorifai88@student.uns.ac.id', 59, '2023-05-26 14:33:07', 1),
(2821, '202.67.41.224', 'ridhorifai88@student.uns.ac.id', 59, '2023-05-26 14:33:55', 1),
(2822, '120.188.86.142', 'ardianita06@gmail.com', 6, '2023-05-26 14:36:31', 1),
(2823, '120.188.86.142', 'ardianita06@gmail.com', 6, '2023-05-26 14:56:39', 1),
(2824, '125.164.233.177', 'muhammadhanifarafi@student.uns.ac.id', 23, '2023-05-26 15:34:04', 1),
(2825, '125.164.233.177', 'ardianita06@gmail.com', 6, '2023-05-26 15:34:24', 1),
(2826, '125.164.233.177', 'muhammadhanifarafi@student.uns.ac.id', 23, '2023-05-26 15:35:33', 1),
(2827, '125.164.233.177', 'darmawan123@staff.uns.ac.id', 41, '2023-05-26 15:38:16', 1),
(2828, '125.164.233.177', 'ardianita06@gmail.com', 6, '2023-05-26 15:39:49', 1),
(2829, '103.160.184.4', 'ardianita06@gmail.com', 6, '2023-05-26 15:52:46', 1),
(2830, '103.160.184.4', 'muhammadhanifarafi@gmail.com3', 29, '2023-05-26 16:44:30', 1),
(2831, '120.188.76.49', 'ardianita06@gmail.com', 6, '2023-05-26 16:52:54', 1),
(2832, '120.188.76.49', 'ardianita06@gmail.com', 6, '2023-05-26 16:52:55', 1),
(2833, '103.160.184.4', 'wibiatisekark', NULL, '2023-05-26 17:32:12', 0),
(2834, '103.160.184.4', 'wibiatisekark', NULL, '2023-05-26 17:32:22', 0),
(2835, '103.160.184.4', 'ardianita06@gmail.com', 6, '2023-05-26 17:32:55', 1),
(2836, '103.160.184.4', 'ilham123@gmail.com', 58, '2023-05-26 17:33:34', 1),
(2837, '103.160.184.4', 'ardianita06@gmail.com', 6, '2023-05-26 17:42:53', 1),
(2838, '103.160.184.4', 'muhammadhanifarafi@gmail.com3', 29, '2023-05-26 18:43:54', 1),
(2839, '103.160.184.4', 'ardianita06@gmail.com', 6, '2023-05-26 18:44:34', 1),
(2840, '103.160.184.4', 'yeiko123', NULL, '2023-05-26 19:47:20', 0),
(2841, '103.160.184.4', 'muhammadhanifarafi@gmail.com3', 29, '2023-05-26 19:47:28', 1),
(2842, '140.213.162.187', 'muhammadhanifarafi@gmail.com3', 29, '2023-05-26 19:49:09', 1),
(2843, '103.160.184.4', 'ardianita06@gmail.com', 6, '2023-05-26 19:58:55', 1),
(2844, '103.160.184.4', 'ardianita06@gmail.com', 6, '2023-05-26 21:21:51', 1),
(2845, '103.160.184.4', 'muhammadhanifarafi@gmail.com3', 29, '2023-05-26 21:24:24', 1),
(2846, '182.253.217.130', 'ardianita06@gmail.com', 6, '2023-05-26 21:36:18', 1),
(2847, '118.99.83.88', 'ahmatnurwakit@staff.uns.ac.id', 44, '2023-05-26 21:38:09', 1),
(2848, '103.160.184.4', 'ardianita06@gmail.com', 6, '2023-05-26 22:01:40', 1),
(2849, '103.160.184.4', 'rendra', NULL, '2023-05-26 22:02:28', 0),
(2850, '103.160.184.4', 'tantrisetiani@student.uns.ac.id', 109, '2023-05-26 22:03:09', 1),
(2851, '182.253.217.130', 'ardianita06@gmail.com', 6, '2023-05-26 22:04:02', 1),
(2852, '140.213.162.187', 'muhammadhanifarafi@gmail.com3', 29, '2023-05-26 22:06:43', 1),
(2853, '125.164.233.197', 'ahmadizulfikar123@gmail.com', 96, '2023-05-26 22:10:40', 1),
(2854, '103.160.184.4', 'ardianita06@gmail.com', 6, '2023-05-26 22:40:34', 1),
(2855, '125.164.233.197', 'ardianita06@gmail.com', 6, '2023-05-26 22:54:42', 1),
(2856, '103.160.184.4', 'yeiko123', NULL, '2023-05-26 22:55:36', 0),
(2857, '103.160.184.4', 'muhammadhanifarafi@gmail.com3', 29, '2023-05-26 22:55:44', 1),
(2858, '125.164.233.197', 'zulfikar', NULL, '2023-05-26 22:59:41', 0),
(2859, '125.164.233.197', 'ahmadizulfikar123@gmail.com', 96, '2023-05-26 22:59:52', 1),
(2860, '125.164.233.197', 'ardianita06@gmail.com', NULL, '2023-05-26 23:04:30', 0),
(2861, '125.164.233.197', 'ardianita06@gmail.com', 6, '2023-05-26 23:04:42', 1),
(2862, '182.253.217.130', 'wibiatisekark@student.uns.ac.id', 34, '2023-05-26 23:07:41', 1),
(2863, '182.253.217.130', 'ahmatnurwakit', NULL, '2023-05-26 23:08:03', 0),
(2864, '182.253.217.130', 'ahmatnurwakit@staff.uns.ac.id', 44, '2023-05-26 23:08:10', 1),
(2865, '125.164.233.197', 'ardianita06@gmail.com', 6, '2023-05-27 00:14:25', 1),
(2866, '125.164.233.197', 'ardianita06@gmail.com', 6, '2023-05-27 00:26:30', 1),
(2867, '103.160.184.4', 'muhammadhanifarafi@gmail.com3', 29, '2023-05-27 00:35:22', 1),
(2868, '114.4.215.175', 'ardianita06@gmail.com', 6, '2023-05-27 02:17:56', 1),
(2869, '114.4.215.175', 'ardianita06@gmail.com', 6, '2023-05-27 02:17:59', 1),
(2870, '114.4.215.175', 'ardianita06@gmail.com', 6, '2023-05-27 02:18:00', 1),
(2871, '114.5.108.173', 'ardianita06@gmail.com', 6, '2023-05-27 03:23:46', 1),
(2872, '120.188.37.173', 'ardianita06@gmail.com', 6, '2023-05-27 03:52:50', 1),
(2873, '120.188.37.173', 'ardianita06@gmail.com', 6, '2023-05-27 04:20:58', 1),
(2874, '140.213.170.72', 'muhammadhanifarafi@gmail.com3', 29, '2023-05-27 05:06:08', 1),
(2875, '140.213.170.72', 'muhammadhanifarafi@gmail.com3', 29, '2023-05-27 05:08:04', 1),
(2876, '140.213.170.72', 'ardianita06@gmail.com', 6, '2023-05-27 05:38:31', 1),
(2877, '140.213.170.72', 'muhammadhanifarafi@gmail.com3', 29, '2023-05-27 06:33:13', 1),
(2878, '140.213.160.53', 'muhammadhanifarafi@gmail.com3', 29, '2023-05-27 06:33:14', 1),
(2879, '140.213.170.72', 'ardianitafzyh@gmail.com', 28, '2023-05-27 07:10:14', 1),
(2880, '140.213.170.72', 'muhammadhanifarafi@student.uns.ac.id', 23, '2023-05-27 07:15:20', 1),
(2881, '140.213.170.72', 'muhammadhanifarafi@gmail.com3', 29, '2023-05-27 07:48:48', 1),
(2882, '140.213.170.72', 'trisna123@gmail.com', 46, '2023-05-27 07:49:20', 1),
(2883, '112.215.244.1', 'ardianita06@gmail.com', 6, '2023-05-27 09:32:36', 1),
(2884, '112.215.244.1', 'ardianita06@gmail.com', 6, '2023-05-27 10:39:12', 1),
(2885, '112.215.244.1', 'ardianita06@gmail.com', 6, '2023-05-27 12:08:29', 1),
(2886, '103.171.147.106', 'ardianita06@gmail.com', 6, '2023-05-27 12:15:32', 1),
(2887, '103.171.147.106', 'ardianita06@gmail.com', 6, '2023-05-27 12:15:34', 1),
(2888, '140.213.160.53', 'ahmatnurwakit', NULL, '2023-05-27 13:26:59', 0),
(2889, '140.213.160.53', 'ahmatnurwakit@staff.uns.ac.id', 44, '2023-05-27 13:27:27', 1),
(2890, '140.213.170.71', 'ardianitafzyh@gmail.com', 28, '2023-05-27 13:44:34', 1),
(2891, '103.160.184.4', 'ahmatnurwakit', NULL, '2023-05-27 14:02:00', 0),
(2892, '103.160.184.4', 'ahmatnurwakit@staff.uns.ac.id', 44, '2023-05-27 14:02:12', 1),
(2893, '125.166.9.201', 'ardianita06@gmail.com', 6, '2023-05-27 14:08:39', 1),
(2894, '125.166.9.201', 'ardianita06@gmail.com', 6, '2023-05-27 14:08:40', 1),
(2895, '140.213.160.53', 'muhammadhanifarafi@gmail.com3', 29, '2023-05-27 14:09:39', 1),
(2896, '103.160.184.4', 'ardianita06@gmail.com', 6, '2023-05-27 14:09:56', 1),
(2897, '125.166.9.201', 'ardianita06@gmail.com', 6, '2023-05-27 14:12:30', 1),
(2898, '125.166.9.201', 'ardianita06@gmail.com', 6, '2023-05-27 14:14:36', 1),
(2899, '125.166.9.201', 'ardianita06@gmail.com', 6, '2023-05-27 14:14:37', 1),
(2900, '140.213.170.71', 'ardianita06@gmail.com', 6, '2023-05-27 14:35:52', 1),
(2901, '140.213.160.53', 'trisna123@gmail.com', 46, '2023-05-27 15:28:59', 1),
(2902, '103.171.147.106', 'ardianita06@gmail.com', 6, '2023-05-27 16:58:47', 1),
(2903, '103.171.147.106', 'ardianita06@gmail.com', 6, '2023-05-27 16:58:53', 1),
(2904, '103.171.147.106', 'ardianita06@gmail.com', 6, '2023-05-27 16:58:56', 1),
(2905, '103.171.147.106', 'ardianita06@gmail.com', 6, '2023-05-27 17:12:33', 1),
(2906, '103.160.184.4', 'nitt', NULL, '2023-05-27 18:55:15', 0),
(2907, '103.160.184.4', 'ardianita06@gmail.com', 6, '2023-05-27 18:55:26', 1),
(2908, '103.171.147.106', 'ardianita06@gmail.com', 6, '2023-05-27 19:32:47', 1),
(2909, '140.213.160.53', 'ardianita06@gmail.com', 6, '2023-05-27 19:35:46', 1),
(2910, '182.253.217.130', 'ardianita06@gmail.com', 6, '2023-05-27 19:36:40', 1),
(2911, '182.253.217.130', 'ahmatnurwakit@staff.uns.ac.id', 44, '2023-05-27 19:38:11', 1),
(2912, '103.160.184.4', 'ardianita06@gmail.com', 6, '2023-05-27 19:55:09', 1),
(2913, '182.253.217.130', 'ardianita06@gmail.com', 6, '2023-05-27 20:08:39', 1),
(2914, '140.213.160.53', 'muhammadhanifarafi@gmail.com3', 29, '2023-05-27 20:25:39', 1),
(2915, '140.213.170.75', 'muhammadhanifarafi@gmail.com3', 29, '2023-05-27 20:25:43', 1),
(2916, '140.213.160.53', 'muhammadhanifarafi@student.uns.ac.id', 23, '2023-05-27 20:27:03', 1),
(2917, '140.213.160.53', 'trisna123', NULL, '2023-05-27 20:27:47', 0),
(2918, '140.213.160.53', 'trisna123@gmail.com', 46, '2023-05-27 20:27:58', 1),
(2919, '140.213.170.75', 'ardianita06@gmail.com', 6, '2023-05-27 20:50:33', 1),
(2920, '118.99.83.88', 'ardianita06@gmail.com', 6, '2023-05-27 21:14:32', 1),
(2921, '140.213.170.75', 'ardianitafzyh@gmail.com', 28, '2023-05-27 21:34:41', 1),
(2922, '140.213.170.75', 'muhammadhanifarafi@gmail.com3', 29, '2023-05-27 21:35:14', 1),
(2923, '103.160.184.4', 'ardianita06@gmail.com', 6, '2023-05-27 21:35:44', 1),
(2924, '118.99.83.88', 'ardianita06@gmail.com', 6, '2023-05-27 21:55:18', 1),
(2925, '103.160.184.4', 'ardianita06@gmail.com', 6, '2023-05-27 22:20:57', 1),
(2926, '103.160.184.4', 'ardianita06@gmail.com', 6, '2023-05-27 22:39:08', 1),
(2927, '182.253.217.130', 'ardianita06@gmail.com', 6, '2023-05-27 22:54:16', 1),
(2928, '103.171.147.106', 'ardianita06@gmail.com', 6, '2023-05-27 23:31:29', 1),
(2929, '103.160.184.4', 'ardianita06@gmail.com', 6, '2023-05-27 23:43:06', 1),
(2930, '103.160.184.4', 'muhammadhanifarafi@gmail.com3', 29, '2023-05-27 23:44:07', 1),
(2931, '140.213.170.75', 'nitt', NULL, '2023-05-28 00:25:01', 0),
(2932, '140.213.170.75', 'ardianita06@gmail.com', 6, '2023-05-28 00:25:14', 1),
(2933, '103.160.184.4', 'tantrisetiani@student.uns.ac.id', 109, '2023-05-28 00:27:27', 1),
(2934, '103.160.184.4', 'fajri2002', NULL, '2023-05-28 00:29:33', 0),
(2935, '103.160.184.4', 'muhammadhanifarafi@student.uns.ac.id', 23, '2023-05-28 00:29:44', 1),
(2936, '182.253.217.130', 'ardianita06@gmail.com', 6, '2023-05-28 01:07:11', 1),
(2937, '103.171.147.106', 'ardianita06@gmail.com', 6, '2023-05-28 06:55:31', 1),
(2938, '104.28.219.244', 'ardianita06@gmail.com', 6, '2023-05-28 10:13:15', 1),
(2939, '182.253.217.130', 'ahmatnurwakit@staff.uns.ac.id', 44, '2023-05-28 10:30:39', 1),
(2940, '114.5.108.172', 'ardianita06@gmail.com', 6, '2023-05-28 10:46:09', 1),
(2941, '118.99.83.88', 'ardianita06@gmail.com', 6, '2023-05-28 12:38:15', 1),
(2942, '103.171.147.106', 'ardianita06@gmail.com', 6, '2023-05-28 12:55:39', 1),
(2943, '182.253.217.130', 'trisna123@gmail.com', 46, '2023-05-28 12:59:09', 1),
(2944, '140.213.168.29', 'yeiko123', NULL, '2023-05-28 14:04:42', 0),
(2945, '140.213.168.29', 'muhammadhanifarafi@gmail.com3', 29, '2023-05-28 14:04:51', 1),
(2946, '140.213.162.191', 'trisna123@gmail.com', 46, '2023-05-28 14:25:09', 1),
(2947, '140.213.162.191', 'ardianita06@gmail.com', 6, '2023-05-28 15:06:39', 1),
(2948, '182.253.217.130', 'trisna123@gmail.com', 46, '2023-05-28 15:24:49', 1),
(2949, '182.253.217.130', 'wibiatisekark@student.uns.ac.id', 34, '2023-05-28 15:28:04', 1),
(2950, '140.213.168.29', 'ardianita06@gmail.com', 6, '2023-05-28 15:51:09', 1),
(2951, '114.4.216.233', 'ardianita06@gmail.com', 6, '2023-05-28 16:52:34', 1),
(2952, '103.160.184.4', 'ardianita06@gmail.com', 6, '2023-05-28 17:07:37', 1),
(2953, '182.253.217.130', 'ahmatnurwakit@staff.uns.ac.id', 44, '2023-05-28 18:41:39', 1),
(2954, '103.160.184.4', 'ardianita06@gmail.com', 6, '2023-05-28 19:17:11', 1),
(2955, '118.99.83.88', 'ahmatnurwakit@staff.uns.ac.id', 44, '2023-05-28 19:17:47', 1),
(2956, '182.253.217.130', 'ahmatnurwakit@staff.uns.ac.id', 44, '2023-05-28 20:55:27', 1),
(2957, '118.99.83.88', 'ardianita06@gmail.com', 6, '2023-05-28 20:57:14', 1),
(2958, '120.188.73.206', 'ardianita06@gmail.com', 6, '2023-05-28 21:24:59', 1),
(2959, '120.188.73.206', 'ardianita06@gmail.com', 6, '2023-05-28 21:25:04', 1),
(2960, '103.160.184.4', 'ardianita06@gmail.com', 6, '2023-05-28 21:26:41', 1),
(2961, '182.253.217.130', 'wibiatisekark@student.uns.ac.id', 34, '2023-05-28 21:39:58', 1),
(2962, '182.253.217.130', 'ardianita06@gmail.com', 6, '2023-05-28 22:19:29', 1),
(2963, '103.160.184.4', 'yeiko123', NULL, '2023-05-28 22:19:53', 0),
(2964, '103.160.184.4', 'yeiko123', NULL, '2023-05-28 22:20:02', 0),
(2965, '103.160.184.4', 'muhammadhanifarafi@gmail.com3', 29, '2023-05-28 22:20:11', 1),
(2966, '118.99.83.88', 'ahmatnurwakit@staff.uns.ac.id', 44, '2023-05-28 22:25:18', 1),
(2967, '140.213.48.178', 'ardianita06@gmail.com', 6, '2023-05-28 22:41:12', 1),
(2968, '103.160.184.4', 'ardianita06@gmail.com', 6, '2023-05-28 23:46:22', 1),
(2969, '103.160.184.4', 'oktariniarossaa14@student.uns.ac.id', 33, '2023-05-29 00:51:00', 1),
(2970, '140.213.162.208', 'ardianita06@gmail.com', 6, '2023-05-29 03:32:53', 1),
(2971, '140.213.162.208', 'muhammadhanifarafi@gmail.com3', 29, '2023-05-29 04:07:37', 1),
(2972, '140.213.162.208', 'ardianita06@gmail.com', 6, '2023-05-29 04:46:00', 1),
(2973, '140.213.160.39', 'ardianitafzyh@gmail.com', 28, '2023-05-29 04:52:38', 1),
(2974, '140.213.162.208', 'muhammadhanifarafi@gmail.com3', 29, '2023-05-29 04:54:48', 1),
(2975, '140.213.162.208', 'disparpora@gmail.com', 108, '2023-05-29 05:00:26', 1),
(2976, '140.213.162.208', 'muhammadhanifarafi@gmail.com3', 29, '2023-05-29 05:31:13', 1),
(2977, '140.213.162.208', 'disparpora@gmail.com', 108, '2023-05-29 05:38:44', 1),
(2978, '140.213.160.39', 'ardianita06@gmail.com', 6, '2023-05-29 05:58:00', 1),
(2979, '103.171.147.106', 'ardianita06@gmail.com', 6, '2023-05-29 06:03:34', 1),
(2980, '103.171.147.106', 'ardianita06@gmail.com', 6, '2023-05-29 06:03:39', 1),
(2981, '140.213.162.208', 'muhammadhanifarafi@student.uns.ac.id', 23, '2023-05-29 06:11:54', 1),
(2982, '140.213.160.39', 'ardianita06@gmail.com', 6, '2023-05-29 06:46:15', 1),
(2983, '140.213.160.39', 'oktariniarossaa14@student.uns.ac.id', 33, '2023-05-29 06:51:25', 1),
(2984, '140.213.160.39', 'ivann@gmail.com', 97, '2023-05-29 06:56:31', 1),
(2985, '140.213.162.208', 'trisna123@gmail.com', 46, '2023-05-29 06:57:34', 1),
(2986, '140.213.160.39', 'disparpora@gmail.com', 108, '2023-05-29 07:00:14', 1),
(2987, '103.171.147.80', 'ardianita06@gmail.com', 6, '2023-05-29 08:11:24', 1),
(2988, '103.171.147.80', 'ardianita06@gmail.com', 6, '2023-05-29 08:14:51', 1),
(2989, '140.213.160.39', 'ardianita06@gmail.com', 6, '2023-05-29 08:23:50', 1),
(2990, '103.160.184.4', 'ardianita06@gmail.com', 6, '2023-05-29 08:27:32', 1),
(2991, '140.213.162.208', 'disparpora@gmail.com', 108, '2023-05-29 08:31:56', 1),
(2992, '103.132.230.70', 'ardianita06@gmail.com', 6, '2023-05-29 09:07:06', 1),
(2993, '140.213.218.55', 'ardianita06@gmail.com', 6, '2023-05-29 09:14:47', 1),
(2994, '103.171.147.80', 'ardianita06@gmail.com', 6, '2023-05-29 09:15:52', 1),
(2995, '140.213.218.55', 'ardianita06@gmail.com', 6, '2023-05-29 09:56:56', 1),
(2996, '103.171.147.80', 'ardianita06@gmail.com', 6, '2023-05-29 09:57:53', 1),
(2997, '103.132.230.70', 'ardianita06@gmail.com', 6, '2023-05-29 09:59:47', 1),
(2998, '103.132.230.70', 'ardianita06@gmail.com', 6, '2023-05-29 10:54:50', 1),
(2999, '140.213.218.55', 'ardianita06@gmail.com', 6, '2023-05-29 11:20:28', 1),
(3000, '104.28.215.132', 'ardianita06@gmail.com', 6, '2023-05-29 12:08:40', 1),
(3001, '182.253.217.130', 'ardianita06@gmail.com', 6, '2023-05-29 13:24:42', 1),
(3002, '182.253.217.130', 'ahmatnurwakit@staff.uns.ac.id', 44, '2023-05-29 13:25:38', 1),
(3003, '103.132.230.70', 'ardianita06@gmail.com', 6, '2023-05-29 13:51:05', 1),
(3004, '140.213.160.39', 'ardianita06@gmail.com', 6, '2023-05-29 14:03:39', 1),
(3005, '103.132.230.70', 'muhammadhanifarafi@student.uns.ac.id', 23, '2023-05-29 14:04:11', 1),
(3006, '103.132.230.70', 'darmawan123@staff.uns.ac.id', 41, '2023-05-29 14:08:12', 1),
(3007, '182.253.217.130', 'ardianita06@gmail.com', 6, '2023-05-29 14:11:09', 1),
(3008, '101.128.111.178', 'ardianita06@gmail.com', 6, '2023-05-29 14:34:44', 1),
(3009, '103.184.180.97', 'ardianita06@gmail.com', 6, '2023-05-29 15:08:13', 1),
(3010, '103.184.180.97', 'ardianita06@gmail.com', 6, '2023-05-29 15:55:57', 1),
(3011, '103.184.180.97', 'ridhorifai88@student.uns.ac.id', 59, '2023-05-29 15:56:46', 1),
(3012, '103.184.180.97', 'ridhorifai88@student.uns.ac.id', 59, '2023-05-29 15:59:47', 1),
(3013, '103.184.180.97', 'ardianita06@gmail.com', 6, '2023-05-29 16:00:03', 1),
(3014, '103.184.180.97', 'ardianita06@gmail.com', 6, '2023-05-29 16:11:05', 1),
(3015, '103.184.180.97', 'pandudwisaputra@student.uns.ac.id', 113, '2023-05-29 16:15:05', 1),
(3016, '114.10.65.228', 'ardianita06@gmail.com', 6, '2023-05-29 17:31:02', 1),
(3017, '101.128.110.145', 'ardianita06@gmail.com', 6, '2023-05-29 17:31:22', 1),
(3018, '114.10.65.228', 'fajri2002', NULL, '2023-05-29 17:47:13', 0),
(3019, '114.10.65.228', 'muhammadhanifarafi@student.uns.ac.id', 23, '2023-05-29 17:47:20', 1),
(3020, '114.10.65.228', 'muhammadhanifarafi@student.uns.ac.id', 23, '2023-05-29 17:47:24', 1),
(3021, '101.128.111.178', 'ahmatnurwakit', NULL, '2023-05-29 17:54:34', 0),
(3022, '101.128.111.178', 'ahmatnurwakit@staff.uns.ac.id', 44, '2023-05-29 17:54:59', 1),
(3023, '101.128.111.178', 'ardianita06@gmail.com', 6, '2023-05-29 18:57:45', 1),
(3024, '103.160.184.4', 'ardianita06@gmail.com', 6, '2023-05-29 19:03:08', 1),
(3025, '114.10.65.228', 'ardianita06@gmail.com', 6, '2023-05-29 19:05:22', 1),
(3026, '114.10.65.228', 'ardianita06@gmail.com', 6, '2023-05-29 19:05:33', 1),
(3027, '101.128.111.178', 'ahmatnurwakit@staff.uns.ac.id', 44, '2023-05-29 19:05:44', 1);

-- --------------------------------------------------------

--
-- Table structure for table `auth_permissions`
--

CREATE TABLE `auth_permissions` (
  `id` int(10) UNSIGNED NOT NULL,
  `name` varchar(255) NOT NULL,
  `description` varchar(255) NOT NULL
) ENGINE=InnoDB DEFAULT CHARSET=utf8;

--
-- Dumping data for table `auth_permissions`
--

INSERT INTO `auth_permissions` (`id`, `name`, `description`) VALUES
(1, 'admin', 'administrator'),
(2, 'mahasiswa', 'mahasiswa uns psdku'),
(3, 'mitra', 'mitra'),
(4, 'dosen', 'dosen'),
(5, 'pimpinan', 'petinggi di uns'),
(6, 'laboran', 'pengelola laboratorium uns psdku');

-- --------------------------------------------------------

--
-- Table structure for table `auth_reset_attempts`
--

CREATE TABLE `auth_reset_attempts` (
  `id` int(10) UNSIGNED NOT NULL,
  `email` varchar(255) NOT NULL,
  `ip_address` varchar(255) NOT NULL,
  `user_agent` varchar(255) NOT NULL,
  `token` varchar(255) DEFAULT NULL,
  `created_at` datetime NOT NULL
) ENGINE=InnoDB DEFAULT CHARSET=utf8;

--
-- Dumping data for table `auth_reset_attempts`
--

INSERT INTO `auth_reset_attempts` (`id`, `email`, `ip_address`, `user_agent`, `token`, `created_at`) VALUES
(1, 'hanifarafi7@gmail.com', '103.189.201.9', 'Mozilla/5.0 (Windows NT 10.0; Win64; x64) AppleWebKit/537.36 (KHTML, like Gecko) Chrome/111.0.0.0 Safari/537.36', 'a99b84614789f3063d0b002a31553e9b', '2023-04-02 03:43:31'),
(2, 'muhammadhanifarafi@gmail.com', '103.189.201.9', 'Mozilla/5.0 (Windows NT 10.0; Win64; x64) AppleWebKit/537.36 (KHTML, like Gecko) Chrome/111.0.0.0 Safari/537.36', 'fbec8631bba9cf8083d75bebc400135e', '2023-04-03 08:47:05'),
(3, 'muhammadhanifarafi@gmail.com', '103.189.201.9', 'Mozilla/5.0 (Windows NT 10.0; Win64; x64) AppleWebKit/537.36 (KHTML, like Gecko) Chrome/111.0.0.0 Safari/537.36', 'fbec8631bba9cf8083d75bebc400135e', '2023-04-03 08:47:25'),
(4, 'muhammadhanifarafi@gmail.com', '103.189.201.9', 'Mozilla/5.0 (Windows NT 10.0; Win64; x64) AppleWebKit/537.36 (KHTML, like Gecko) Chrome/111.0.0.0 Safari/537.36', 'fbec8631bba9cf8083d75bebc400135e', '2023-04-03 08:47:40'),
(5, 'muhammadhanifarafi@gmail.com', '103.189.201.9', 'Mozilla/5.0 (Windows NT 10.0; Win64; x64) AppleWebKit/537.36 (KHTML, like Gecko) Chrome/111.0.0.0 Safari/537.36', 'fbec8631bba9cf8083d75bebc400135e', '2023-04-03 08:48:02'),
(6, 'muhammadhanifarafi@gmail.com', '103.189.201.9', 'Mozilla/5.0 (Windows NT 10.0; Win64; x64) AppleWebKit/537.36 (KHTML, like Gecko) Chrome/111.0.0.0 Safari/537.36', 'e332810435139a072ecf2079e79fb4ac', '2023-04-03 09:17:00'),
(7, 'muhammadhanifarafi@gmail.com', '103.189.201.9', 'Mozilla/5.0 (Windows NT 10.0; Win64; x64) AppleWebKit/537.36 (KHTML, like Gecko) Chrome/111.0.0.0 Safari/537.36', 'd8f1439113e3819e7bdcbbd6ed7fdee0', '2023-04-03 09:50:30'),
(8, 'hanifarafi7@gmail.com', '103.189.201.9', 'Mozilla/5.0 (Windows NT 10.0; Win64; x64) AppleWebKit/537.36 (KHTML, like Gecko) Chrome/111.0.0.0 Safari/537.36', '5443e8edc4b9158158ba6e06b26cca0b', '2023-04-03 09:52:10'),
(9, 'hanifarafi7@gmail.com', '103.189.201.9', 'Mozilla/5.0 (Windows NT 10.0; Win64; x64) AppleWebKit/537.36 (KHTML, like Gecko) Chrome/111.0.0.0 Safari/537.36', '728db6d2bffb7346d0208e1cde89d0bc', '2023-04-04 10:39:46'),
(10, 'muhammadhanifarafi@student.uns.ac.id', '125.164.232.102', 'Mozilla/5.0 (Windows NT 10.0; Win64; x64) AppleWebKit/537.36 (KHTML, like Gecko) Chrome/112.0.0.0 Safari/537.36', 'ed6b912d6e1525fa5c56dea0e43d0f34', '2023-04-06 13:08:28'),
(11, 'hanifarafi7@gmail.com', '103.189.201.9', 'Mozilla/5.0 (Windows NT 10.0; Win64; x64) AppleWebKit/537.36 (KHTML, like Gecko) Chrome/112.0.0.0 Safari/537.36', '29d1fb93221a1d01c3f4de6ec99993f7', '2023-04-11 14:06:45'),
(12, 'muhammadhanifarafi@gmail.com', '103.189.201.9', 'Mozilla/5.0 (Windows NT 10.0; Win64; x64) AppleWebKit/537.36 (KHTML, like Gecko) Chrome/112.0.0.0 Safari/537.36', '75e390f4f33dee72b4b166b6c65de191', '2023-04-11 14:33:00'),
(13, 'ardianitafzyh@gmail.com', '112.215.237.91', 'Mozilla/5.0 (Windows NT 10.0; Win64; x64) AppleWebKit/537.36 (KHTML, like Gecko) Chrome/112.0.0.0 Safari/537.36', '22e3021548b487ccf5387fac29dbbcc7', '2023-04-13 07:11:16'),
(14, 'muhammadhanifarafi@gmail.com', '103.171.147.90', 'Mozilla/5.0 (Windows NT 10.0; Win64; x64) AppleWebKit/537.36 (KHTML, like Gecko) Chrome/112.0.0.0 Safari/537.36', '718839698987a93cb79f1dc8418ebeb5', '2023-04-13 11:14:00'),
(15, 'wibiatisekark@student.uns.ac.id', '118.99.83.89', 'Mozilla/5.0 (Windows NT 10.0; Win64; x64) AppleWebKit/537.36 (KHTML, like Gecko) Chrome/112.0.0.0 Safari/537.36', 'f37e9086b784f9affbde75028a648cfd', '2023-04-26 14:01:09'),
(16, 'wibiatisekark@student.uns.ac.id', '182.253.217.234', 'Mozilla/5.0 (Windows NT 10.0; Win64; x64) AppleWebKit/537.36 (KHTML, like Gecko) Chrome/112.0.0.0 Safari/537.36', 'f37e9086b784f9affbde75028a648cfd', '2023-04-26 14:01:41'),
(17, 'lindarahmawati011001@gmail.com', '112.215.154.172', 'Mozilla/5.0 (Windows NT 10.0; Win64; x64) AppleWebKit/537.36 (KHTML, like Gecko) Chrome/112.0.0.0 Safari/537.36', ' 09915411c8a382b21c3bef34dbeae228', '2023-05-04 23:43:47'),
(18, 'lindarahmawati011001@gmail.com', '112.215.154.172', 'Mozilla/5.0 (Windows NT 10.0; Win64; x64) AppleWebKit/537.36 (KHTML, like Gecko) Chrome/112.0.0.0 Safari/537.36', ' 09915411c8a382b21c3bef34dbeae228', '2023-05-04 23:44:12'),
(19, 'lindarahmawati011001@gmail.com', '112.215.154.172', 'Mozilla/5.0 (Windows NT 10.0; Win64; x64) AppleWebKit/537.36 (KHTML, like Gecko) Chrome/112.0.0.0 Safari/537.36', ' 09915411c8a382b21c3bef34dbeae228', '2023-05-04 23:44:45'),
(20, 'lindarahmawati011001@gmail.com', '112.215.154.172', 'Mozilla/5.0 (Windows NT 10.0; Win64; x64) AppleWebKit/537.36 (KHTML, like Gecko) Chrome/112.0.0.0 Safari/537.36', ' 09915411c8a382b21c3bef34dbeae228', '2023-05-04 23:44:58'),
(21, 'lindarahmawati011001@gmail.com', '112.215.154.172', 'Mozilla/5.0 (Windows NT 10.0; Win64; x64) AppleWebKit/537.36 (KHTML, like Gecko) Chrome/112.0.0.0 Safari/537.36', '09915411c8a382b21c3bef34dbeae228', '2023-05-04 23:45:45'),
(22, 'hanifarafi7@gmail.com', '103.189.201.9', 'Mozilla/5.0 (Windows NT 10.0; Win64; x64) AppleWebKit/537.36 (KHTML, like Gecko) Chrome/113.0.0.0 Safari/537.36 Edg/113.0.1774.42', '54f4030c37b045b46af34f34eeef7d21', '2023-05-15 17:50:52'),
(23, 'wibiatisekark@student.uns.ac.id', '182.253.217.245', 'Mozilla/5.0 (Windows NT 10.0; Win64; x64) AppleWebKit/537.36 (KHTML, like Gecko) Chrome/113.0.0.0 Safari/537.36', '0b601326b4465cfb9a36d8feda89db1a', '2023-05-16 18:38:58'),
(24, 'rendratrikusuma@student.uns.ac.id', '114.4.221.100', 'Mozilla/5.0 (Macintosh; Intel Mac OS X 10_15_7) AppleWebKit/537.36 (KHTML, like Gecko) Chrome/113.0.0.0 Safari/537.36', 'd59683cf6dc31c31e5fd6d3115514a68', '2023-05-17 23:20:49'),
(25, 'rendratrikusuma@student.uns.ac.id', '114.4.221.100', 'Mozilla/5.0 (Macintosh; Intel Mac OS X 10_15_7) AppleWebKit/537.36 (KHTML, like Gecko) Chrome/113.0.0.0 Safari/537.36', 'd59683cf6dc31c31e5fd6d3115514a68', '2023-05-17 23:21:10'),
(26, 'rendratrikusuma@student.uns.ac.id', '114.4.221.100', 'Mozilla/5.0 (Macintosh; Intel Mac OS X 10_15_7) AppleWebKit/537.36 (KHTML, like Gecko) Chrome/113.0.0.0 Safari/537.36', 'd59683cf6dc31c31e5fd6d3115514a68', '2023-05-17 23:21:38'),
(27, 'viorellasv@student.uns.ac.id', '120.188.74.252', 'Mozilla/5.0 (Macintosh; Intel Mac OS X 10_15_7) AppleWebKit/537.36 (KHTML, like Gecko) Chrome/113.0.0.0 Safari/537.36', '47fba4ba6106f52429c7dab1a6e2a504', '2023-05-20 14:04:51'),
(28, 'muhammadhanifarafi@gmail.com', '103.189.201.9', 'Mozilla/5.0 (Windows NT 10.0; Win64; x64) AppleWebKit/537.36 (KHTML, like Gecko) Chrome/113.0.0.0 Safari/537.36', 'a3196e8050ce666305766444b5083a6c', '2023-05-22 08:11:03'),
(29, 'ridhorifai88@student.uns.ac.id', '202.67.41.224', 'Mozilla/5.0 (Linux; Android 11; Redmi Note 8 Pro) AppleWebKit/537.36 (KHTML, like Gecko) Chrome/90.0.4430.91 Mobile Safari/537.36', '93abf929dee6845ec29fa917de31d54e', '2023-05-26 14:32:26'),
(30, 'ridhorifai88@student.uns.ac.id', '202.67.41.224', 'Mozilla/5.0 (Linux; Android 11; Redmi Note 8 Pro) AppleWebKit/537.36 (KHTML, like Gecko) Chrome/90.0.4430.91 Mobile Safari/537.36', '93abf929dee6845ec29fa917de31d54e', '2023-05-26 14:32:41');

-- --------------------------------------------------------

--
-- Table structure for table `auth_tokens`
--

CREATE TABLE `auth_tokens` (
  `id` int(10) UNSIGNED NOT NULL,
  `selector` varchar(255) NOT NULL,
  `hashedValidator` varchar(255) NOT NULL,
  `user_id` int(10) UNSIGNED NOT NULL,
  `expires` datetime NOT NULL
) ENGINE=InnoDB DEFAULT CHARSET=utf8;

-- --------------------------------------------------------

--
-- Table structure for table `auth_users_permissions`
--

CREATE TABLE `auth_users_permissions` (
  `user_id` int(10) UNSIGNED NOT NULL DEFAULT 0,
  `permission_id` int(10) UNSIGNED NOT NULL DEFAULT 0
) ENGINE=InnoDB DEFAULT CHARSET=utf8;

--
-- Dumping data for table `auth_users_permissions`
--

INSERT INTO `auth_users_permissions` (`user_id`, `permission_id`) VALUES
(3, 5),
(6, 1),
(14, 2),
(18, 2),
(19, 2),
(22, 2),
(23, 2),
(28, 2),
(29, 4),
(31, 2),
(33, 2),
(34, 2),
(35, 2),
(39, 2),
(40, 2),
(41, 4),
(44, 6),
(46, 4),
(47, 4),
(48, 4),
(58, 2),
(59, 2),
(74, 2),
(75, 3),
(88, 5),
(89, 5),
(92, 2),
(93, 5),
(96, 2),
(97, 2),
(98, 6),
(99, 3),
(100, 3),
(101, 2),
(108, 3),
(109, 2),
(110, 3),
(113, 2);

-- --------------------------------------------------------

--
-- Table structure for table `mahasiswa`
--

CREATE TABLE `mahasiswa` (
  `id_mhs` varchar(50) NOT NULL,
  `id_user` int(10) UNSIGNED NOT NULL,
  `nama` varchar(255) NOT NULL,
  `nim` varchar(255) NOT NULL,
  `prodi` varchar(255) NOT NULL,
  `no_telp` varchar(255) NOT NULL,
  `th_masuk` int(11) NOT NULL,
  `th_lulus` int(11) NOT NULL,
  `kelas` varchar(255) NOT NULL,
  `status` enum('0','1') NOT NULL
) ENGINE=InnoDB DEFAULT CHARSET=utf8 ROW_FORMAT=DYNAMIC;

--
-- Dumping data for table `mahasiswa`
--

INSERT INTO `mahasiswa` (`id_mhs`, `id_user`, `nama`, `nim`, `prodi`, `no_telp`, `th_masuk`, `th_lulus`, `kelas`, `status`) VALUES
('1c933cc0-43fa-47e5-94ce-f5c17563efea', 97, 'Ivan Fausta Dinata', 'V3920030', 'D3 Teknik Informatika PSDKU', '011849749', 2020, 2023, 'D', '1'),
('1e335eef-1934-4db3-89de-08ebf53ba95d', 28, 'Ardianita Fauziyah', 'V3920009', 'D3 Teknik Informatika PSDKU', '081352346919', 2020, 2023, 'D', '1'),
('2dd4d2df-9c45-48d2-9f1e-e99a5a57a4f6', 58, 'Ilham Hidayat Sidik', 'V3920060', 'D3 Teknik Informatika PSDKU', '081245678764', 2020, 2023, 'E', '1'),
('3f96e762-8243-4fe6-8edf-c6414fcee6b0', 23, 'Achmat Fajri', 'V3920056', 'D3 Teknik Informatika PSDKU', '081273473493', 2020, 2023, 'E', '1'),
('50bb5c83-f6c8-4237-ae68-070041c964a8', 22, 'Muhammad Iqbal Maulana', 'V3920043', 'D3 Teknik Informatika PSDKU', '081274583433', 2020, 2023, 'E', '0'),
('54bc721b-5b11-49fc-a303-ad6118cbef93', 109, 'Tantri Setiani', 'V3920057', 'Teknik Informatika', '081332387213', 2020, 2023, 'E', '1'),
('60bbacdf-6533-474d-97d1-a61940141065', 3, 'Rendra Tri Kusuma', 'V3920045', 'Teknik Informatika', '08127748875', 2022, 2023, 'E', '1'),
('69781e9b-40a5-4343-a018-d8a12e819165', 3, 'Muhammad Hanif Arafi', 'V3920038', 'Teknik Informatika', '081278984422', 2020, 2023, 'E', '1'),
('7c568b1b-cd4a-4cdc-97e2-ea44ff70dd36', 113, 'Pandu Dwi Saputra', 'V3920048', 'D3 Teknik Informatika', '089376455627346', 2020, 2023, 'E', '1'),
('84b69020-4e43-4fef-9329-a4990029f737', 96, 'Zulfikar Ahmadi Rafsanjani', 'V3920066', 'D3 Teknik Informarika PSDKU', '081938880499', 2020, 2023, 'E', '1'),
('9e1fd09a-5c0d-40d7-a9e2-e7658ce9c6e6', 92, 'Subekti Bimo Wicaksono', 'V3922041', 'D3 Teknik Informatika PSDKU', '081276589743', 2022, 2024, 'E', '1'),
('b0e8f152-ebed-49dd-b978-a5363a0b4105', 101, 'Viorella Sunghaiyon VK', 'V3920059', 'D3 Teknik Informatika PSDKU', '081333640773', 2020, 2023, 'E', '1'),
('b6f81c6a-2e57-40a9-b58e-7468a635f4a6', 59, 'Ridho Walidayin Rifai', 'V3920052', 'D3 Teknik Informatika PSDKU', '0895359409917', 2020, 2023, 'E', '1'),
('cedaa660-9def-4c2c-947e-6a1c687ee877', 33, 'Oktarinia Rossa Atanaswati', 'V3920046', 'D3 Teknik Informatika PSDKU', '0858999999', 2020, 2023, 'E', '1'),
('dd7c99ca-3c17-40de-9fb8-a73b67fd01c8', 7, 'Linda Ramawati', 'V3920033', 'D3 Teknik Informatika PSDKU', '087789015748', 2020, 2023, 'E', '1'),
('e79319cb-cbb7-4b33-828d-3897bc2b70c4', 18, 'Ridho Walidaiin', 'V3920078', 'D3 Teknik Informatika PSDKU', '081237347383', 2020, 2023, 'E', '1'),
('f9b30113-9d07-4747-8ed6-ad9318a587eb', 29, 'Muhammad Yeiko Akbar', 'V3920040', 'D3 Teknik Informatika PSDKU', '81284577533', 2020, 2023, 'E', '1'),
('fb70a460-5ce2-4b8c-8baf-f9ae257c9aee', 40, 'Nazaruddin Nurcharis Zubaidi', 'V3921023', 'D3 Teknik Informatika PSDKU', '087345678132', 2021, 2024, 'E', '1');

-- --------------------------------------------------------

--
-- Table structure for table `simta_bobot`
--

CREATE TABLE `simta_bobot` (
  `id_bobot` varchar(50) NOT NULL,
  `bobot_ujianproposal` varchar(50) NOT NULL,
  `bobot_seminarproposal` varchar(50) NOT NULL,
  `bobot_ujianta` varchar(50) NOT NULL,
  `created_at` varchar(50) NOT NULL,
  `updated_at` varchar(50) NOT NULL
) ENGINE=InnoDB DEFAULT CHARSET=utf8mb4;

--
-- Dumping data for table `simta_bobot`
--

INSERT INTO `simta_bobot` (`id_bobot`, `bobot_ujianproposal`, `bobot_seminarproposal`, `bobot_ujianta`, `created_at`, `updated_at`) VALUES
('1112364758', '10%', '30%', '60%', '', '');

-- --------------------------------------------------------

--
-- Table structure for table `simta_hasilakhir`
--

CREATE TABLE `simta_hasilakhir` (
  `id_hasilakhir` varchar(50) NOT NULL,
  `id_mhs` varchar(50) NOT NULL,
  `id_staf` varchar(50) NOT NULL,
  `nilai_ujianproposal` varchar(50) NOT NULL,
  `nilai_seminarhasil` varchar(50) NOT NULL,
  `nilai_ujianta` varchar(50) NOT NULL,
  `hasil_akhir` varchar(50) NOT NULL,
  `created_at` varchar(50) NOT NULL,
  `updated_at` varchar(50) NOT NULL
) ENGINE=InnoDB DEFAULT CHARSET=utf8mb4;

--
-- Dumping data for table `simta_hasilakhir`
--

INSERT INTO `simta_hasilakhir` (`id_hasilakhir`, `id_mhs`, `id_staf`, `nilai_ujianproposal`, `nilai_seminarhasil`, `nilai_ujianta`, `hasil_akhir`, `created_at`, `updated_at`) VALUES
('1', 'fb70a460-5ce2-4b8c-8baf-f9ae257c9aee', '06dc2517-ec02-437b-a355-bb36097e62ed', '150', '220', '216', '586', '2023-06-17 21:15:22', '');

-- --------------------------------------------------------

--
-- Table structure for table `simta_pengajuanjudul`
--

CREATE TABLE `simta_pengajuanjudul` (
  `id_pengajuanjudul` varchar(50) NOT NULL,
  `id_mhs` varchar(50) CHARACTER SET utf8 NOT NULL,
  `id_staf` varchar(50) NOT NULL,
  `nama_judul1` varchar(255) NOT NULL,
  `deskripsi_sistem1` varchar(255) NOT NULL,
  `nama_judul2` varchar(255) NOT NULL,
  `deskripsi_sistem2` varchar(255) NOT NULL,
  `nama_judul3` varchar(255) NOT NULL,
  `deskripsi_sistem3` varchar(255) NOT NULL,
  `catatan` varchar(255) DEFAULT NULL,
  `status_pj` enum('1','2','3','TOLAK') DEFAULT NULL,
  `created_at` varchar(50) DEFAULT NULL,
  `updated_at` varchar(50) DEFAULT NULL
) ENGINE=InnoDB DEFAULT CHARSET=utf8mb4;

--
-- Dumping data for table `simta_pengajuanjudul`
--

INSERT INTO `simta_pengajuanjudul` (`id_pengajuanjudul`, `id_mhs`, `id_staf`, `nama_judul1`, `deskripsi_sistem1`, `nama_judul2`, `deskripsi_sistem2`, `nama_judul3`, `deskripsi_sistem3`, `catatan`, `status_pj`, `created_at`, `updated_at`) VALUES
('12345678', '3f96e762-8243-4fe6-8edf-c6414fcee6b0', 'c53dc049-3e56-4cbb-9bb0-03c75134d751', 'simta', 'simta', 'simta', 'simta', 'simta', 'simta', 'mn', '2', NULL, NULL),
('98765432', '69781e9b-40a5-4343-a018-d8a12e819165', '4018b49a-d2d6-43d9-a6b8-975ff5973846', 'judul baru 1test', 'deskripsi sistem baru 1test', 'judul lain 1test', 'deskripsi sistem lain 1test', 'judul lainnya test', 'deskripsi sistem lainnya 1test', 'catatan baru 1', '1', '2023-06-04 09:00:00', '2023-06-04 09:00:00');

-- --------------------------------------------------------

--
-- Table structure for table `simta_penguji_ujianproposal`
--

CREATE TABLE `simta_penguji_ujianproposal` (
  `id_penguji_ujianproposal` varchar(50) NOT NULL,
  `id_staf` varchar(50) NOT NULL,
  `id_ujianproposal` varchar(50) NOT NULL,
  `nama_penguji` enum('Penguji 1','Penguji 2') NOT NULL,
  `created_at` varchar(50) NOT NULL,
  `updated_at` varchar(50) NOT NULL
) ENGINE=InnoDB DEFAULT CHARSET=utf8mb4;

-- --------------------------------------------------------

--
-- Table structure for table `simta_penguji_ujianta`
--

CREATE TABLE `simta_penguji_ujianta` (
  `id_penguji_ujianta` varchar(50) NOT NULL,
  `id_staf` varchar(50) NOT NULL,
  `id_ujianta` varchar(50) NOT NULL,
  `nama_penguji` enum('Penguji 1','Penguji 2','Penguji 3') NOT NULL,
  `created_at` varchar(50) NOT NULL,
  `updated_at` varchar(50) NOT NULL
) ENGINE=InnoDB DEFAULT CHARSET=utf8mb4;

-- --------------------------------------------------------

--
-- Table structure for table `simta_rekomendasi`
--

CREATE TABLE `simta_rekomendasi` (
  `id_rekomendasi` varchar(50) NOT NULL,
  `id_staf` varchar(50) NOT NULL,
  `id_pengajuanjudul` varchar(50) NOT NULL,
  `nama_rekomendasi` enum('REKOMENDASI 1','REKOMENDASI 2') NOT NULL,
  `created_at` varchar(50) DEFAULT NULL,
  `updated_at` varchar(50) DEFAULT NULL
) ENGINE=InnoDB DEFAULT CHARSET=utf8mb4;

--
-- Dumping data for table `simta_rekomendasi`
--

INSERT INTO `simta_rekomendasi` (`id_rekomendasi`, `id_staf`, `id_pengajuanjudul`, `nama_rekomendasi`, `created_at`, `updated_at`) VALUES
('12345678', '4018b49a-d2d6-43d9-a6b8-975ff5973846', '98765432', 'REKOMENDASI 1', '2023-06-04 09:00:00', '2023-06-04 09:00:00');

-- --------------------------------------------------------

--
-- Table structure for table `simta_seminarhasil`
--

CREATE TABLE `simta_seminarhasil` (
  `id_seminarhasil` varchar(50) NOT NULL,
  `id_mhs` varchar(50) NOT NULL,
  `id_staf` varchar(50) NOT NULL,
  `nilai_total` varchar(50) NOT NULL,
  `created_at` varchar(50) NOT NULL,
  `updated_at` varchar(50) NOT NULL
) ENGINE=InnoDB DEFAULT CHARSET=utf8mb4;

--
-- Dumping data for table `simta_seminarhasil`
--

INSERT INTO `simta_seminarhasil` (`id_seminarhasil`, `id_mhs`, `id_staf`, `nilai_total`, `created_at`, `updated_at`) VALUES
('1', 'fb70a460-5ce2-4b8c-8baf-f9ae257c9aee', '06dc2517-ec02-437b-a355-bb36097e62ed', '220', '2023-06-17 21:12:03', '');

-- --------------------------------------------------------

--
-- Table structure for table `simta_totalnilai`
--

CREATE TABLE `simta_totalnilai` (
  `id_totalnilao` varchar(50) NOT NULL,
  `id_staf` varchar(50) NOT NULL,
  `id_hasilakhir` varchar(50) NOT NULL,
  `nilai_ujianproposal` varchar(50) DEFAULT NULL,
  `nilai_seminarhasil` varchar(50) DEFAULT NULL,
  `nilai_ujianta` varchar(50) DEFAULT NULL,
  `hasilakhir` varchar(50) DEFAULT NULL
) ENGINE=InnoDB DEFAULT CHARSET=utf8mb4;

-- --------------------------------------------------------

--
-- Table structure for table `simta_ujianproposal`
--

CREATE TABLE `simta_ujianproposal` (
  `id_ujianproposal` varchar(50) NOT NULL,
  `id_mhs` varchar(50) NOT NULL,
  `id_staf` varchar(50) NOT NULL,
  `nilai_total` varchar(50) NOT NULL,
  `created_at` varchar(50) NOT NULL,
  `updated_at` varchar(50) NOT NULL
) ENGINE=InnoDB DEFAULT CHARSET=utf8mb4;

--
-- Dumping data for table `simta_ujianproposal`
--

INSERT INTO `simta_ujianproposal` (`id_ujianproposal`, `id_mhs`, `id_staf`, `nilai_total`, `created_at`, `updated_at`) VALUES
('1', 'fb70a460-5ce2-4b8c-8baf-f9ae257c9aee', '06dc2517-ec02-437b-a355-bb36097e62ed', '150', '2023-06-17 21:12:07', '');

-- --------------------------------------------------------

--
-- Table structure for table `simta_ujianta`
--

CREATE TABLE `simta_ujianta` (
  `id_ujianta` varchar(50) NOT NULL,
  `id_mhs` varchar(50) NOT NULL,
  `id_staf` varchar(50) NOT NULL,
  `nilai_total` varchar(50) NOT NULL,
  `created_at` varchar(50) NOT NULL,
  `updated_at` varchar(50) NOT NULL
) ENGINE=InnoDB DEFAULT CHARSET=utf8mb4;

--
-- Dumping data for table `simta_ujianta`
--

INSERT INTO `simta_ujianta` (`id_ujianta`, `id_mhs`, `id_staf`, `nilai_total`, `created_at`, `updated_at`) VALUES
('1', 'fb70a460-5ce2-4b8c-8baf-f9ae257c9aee', '06dc2517-ec02-437b-a355-bb36097e62ed', '216', '2023-06-17 21:10:03', '');

-- --------------------------------------------------------

--
-- Table structure for table `staf`
--

CREATE TABLE `staf` (
  `id_staf` varchar(50) NOT NULL,
  `id_user` int(10) UNSIGNED NOT NULL,
  `nama` varchar(255) NOT NULL,
  `nip` varchar(50) NOT NULL,
  `no_telp` varchar(255) NOT NULL,
  `alamat` varchar(255) NOT NULL,
  `jenis` enum('Admin','Pimpinan','Dosen','Laboran') DEFAULT NULL,
  `status` enum('0','1') NOT NULL
) ENGINE=InnoDB DEFAULT CHARSET=utf8mb4;

--
-- Dumping data for table `staf`
--

INSERT INTO `staf` (`id_staf`, `id_user`, `nama`, `nip`, `no_telp`, `alamat`, `jenis`, `status`) VALUES
('06dc2517-ec02-437b-a355-bb36097e62ed', 41, 'Darmawan Lahru Riatma, S.Kom., M.MT.', '1991091420200801', '081806537868', 'Madiun', 'Dosen', '0'),
('4018b49a-d2d6-43d9-a6b8-975ff5973846', 46, 'Trisna Ari Roshinta, S.S.T., M.T.', '1993010520210701', '0812765433223', 'Ponorogo', 'Dosen', '0'),
('5eae0306-19ab-4227-9668-a1dec13182c3', 48, 'Nur Azizul Haqimi, S.Kom., M.Cs.', '1992092420200901', '0878934547234', 'Yogyakarta', 'Dosen', '0'),
('a824dac5-f9e3-4d88-b45c-12db0abde21f', 29, 'Fendi Aji Purnomo, S.Si., M.Eng.', '1984092620160901', '0812923244455', 'Surakarta', 'Dosen', '1'),
('c53dc049-3e56-4cbb-9bb0-03c75134d751', 44, 'Ahmat Nurwakit, S.Kom.', '1979040820200801', '08990743079', 'Madiun', 'Laboran', '1'),
('d1fb9b43-40ef-4ba6-885c-07b57ddd40f4', 88, 'Prof. Dr. Ir. Ahmad Yunus, M.S.', '196107171986011001', '081806537845', 'Surakarta', 'Pimpinan', '1'),
('d49fd224-4bda-4953-a21d-baa14301f835', 89, 'Yahya Nur Rahman, S.Kom., M.Kom.', '1987485845453323', '812758634532', 'Solo', 'Pimpinan', '1'),
('d656fd9f-a36e-4389-beb3-70d3f9c5d15f', 47, 'Yusuf Fadlila Rachman, S. Kom., M. Kom.', '1994062420210701', '0813456743563', 'Madiun', 'Dosen', '0'),
('e3d957b1-2520-44a3-8816-19ac69e7768f', 93, 'Rahman Yusuf, S.T., M.Kom.', '19870000395001', '081256435523', 'Magetan', 'Pimpinan', '1'),
('f248b15e-5d9a-44a6-a8e7-aed6ba444054', 35, 'Masbahah, S.pd., M.pd', '1987052520200801', '085646773344', 'Madiun ', 'Dosen', '1');

-- --------------------------------------------------------

--
-- Table structure for table `users`
--

CREATE TABLE `users` (
  `id` int(10) UNSIGNED NOT NULL,
  `email` varchar(255) NOT NULL,
  `username` varchar(30) NOT NULL,
  `password_hash` varchar(255) NOT NULL,
  `reset_hash` varchar(255) DEFAULT NULL,
  `reset_at` datetime DEFAULT NULL,
  `reset_expires` datetime DEFAULT NULL,
  `activate_hash` varchar(255) DEFAULT NULL,
  `status` varchar(255) DEFAULT NULL,
  `status_message` varchar(255) DEFAULT NULL,
  `active` tinyint(1) NOT NULL DEFAULT 0,
  `force_pass_reset` tinyint(1) NOT NULL DEFAULT 0,
  `created_at` datetime DEFAULT NULL,
  `updated_at` datetime DEFAULT NULL,
  `deleted_at` datetime DEFAULT NULL
) ENGINE=InnoDB DEFAULT CHARSET=utf8;

--
-- Dumping data for table `users`
--

INSERT INTO `users` (`id`, `email`, `username`, `password_hash`, `reset_hash`, `reset_at`, `reset_expires`, `activate_hash`, `status`, `status_message`, `active`, `force_pass_reset`, `created_at`, `updated_at`, `deleted_at`) VALUES
(3, 'rendratrikusuma@student.uns.ac.id', 'rendra', '$2y$10$mxKVCO2NbhfpbzJvZyrC9.pdfSmX6MCzbH.ENONhEcPHI5qX1JLEe', NULL, '2023-05-17 23:21:39', NULL, '8edf6f6961249419fe5614f5404259d0', NULL, NULL, 1, 0, '2023-03-08 04:41:13', '2023-05-17 23:21:39', NULL),
(6, 'ardianita06@gmail.com', 'nitt', '$2y$10$dm1CVCjzHMqmbV8iFWjQueJsvOA6RceyCWBr4UMfh2VI9ND7kFKW6', 'fe5e61038017d9563649b7b626b94a8b', NULL, '2023-04-02 00:03:04', 'fec8f28eb8a5339857c5b7213ae170ff', NULL, NULL, 1, 0, '2023-03-11 00:50:19', '2023-04-01 23:03:04', NULL),
(7, 'lindarahmawati011001@gmail.com', 'Linda', '$2y$10$eSOBoH6WBnqG9uJEfG6Cku7p/fPu62ax0H2AeNO8joEn8/ehuO4CG', NULL, '2023-05-04 23:45:46', NULL, '988706ed33516d2db2c2f6adc67bfae0', '1', NULL, 1, 0, '2023-03-14 14:20:19', '2023-05-24 21:56:04', NULL),
(14, 'muhammadhanifarafi@gmail.com', 'kreshna2001', '$2y$10$EEW7h.2fE9sO2PFLJQZssuyJzi4nCUhMYOt6DGgjBU5ORsKEwIHxK', NULL, '2023-05-22 08:11:05', NULL, NULL, '1', NULL, 1, 0, '2023-04-03 09:44:13', '2023-05-22 08:11:05', NULL),
(18, 'ridho@gmail.com', 'ridho123', '$2y$10$/j0xk2NWC4prOydZZ4ApT.Z.3Vs8ObSpOoPEhDKhsOsAaSN/b5c2a', NULL, NULL, NULL, NULL, NULL, NULL, 1, 0, '2023-04-04 10:14:24', '2023-04-04 10:14:24', NULL),
(19, 'lindarahmawati11001d@gmail.com', 'linn45', '$2y$10$uuVFccYtIxwzTkIzwpczi.6aevEPOwGVczhnTUK9YlPFCpJAWQedC', NULL, NULL, NULL, NULL, NULL, NULL, 1, 0, '2023-04-04 23:48:51', '2023-05-20 01:23:11', NULL),
(22, 'iqbal123@gmail.com', 'iqbal123', '$2y$10$XmUOfjjfPZgRzn800.bNoeKC7gEy1MeABJ9961SXGKt98c0QKsACO', NULL, NULL, NULL, NULL, NULL, NULL, 1, 0, '2023-04-06 10:57:14', '2023-04-06 10:57:14', NULL),
(23, 'muhammadhanifarafi@student.uns.ac.id', 'fajri2002', '$2y$10$bvhYavGJRpkCDx417TPmCem6f2VoJWoOnWmQQmjvD63ZX2auTpzuq', NULL, '2023-04-11 14:06:47', NULL, NULL, NULL, NULL, 1, 0, '2023-04-06 13:02:10', '2023-04-11 14:06:47', NULL),
(28, 'ardianitafzyh@gmail.com', 'nita123', '$2y$10$KXu0w4ISei2AzRA4xHaJ7O/PwVd4WFY7tkkqcyFVpFgRJpCpxkAza', NULL, '2023-04-13 07:11:17', NULL, NULL, NULL, NULL, 1, 0, '2023-04-13 07:06:16', '2023-05-17 03:15:21', NULL),
(29, 'muhammadhanifarafi@gmail.com3', 'yeiko123', '$2y$10$DpyUr35hp6dhbV5bVd50BexKULPEzuixkvv9OzWbmD.RAfdpW4CQC', NULL, '2023-04-13 11:14:00', NULL, NULL, NULL, NULL, 1, 0, '2023-04-13 11:12:08', '2023-05-17 03:29:39', NULL),
(31, 'inez@gmail.com', 'inez123', '$2y$10$fHT./8E62eqVlQSSA4QyBeGBAb.Zy1TV4fPDvStwqSp9MvpSwV3MG', NULL, NULL, NULL, NULL, NULL, NULL, 1, 0, '2023-04-26 08:33:43', '2023-04-26 08:33:43', NULL),
(33, 'oktariniarossaa14@student.uns.ac.id', 'okta14', '$2y$10$dm1CVCjzHMqmbV8iFWjQueJsvOA6RceyCWBr4UMfh2VI9ND7kFKW6', NULL, NULL, NULL, NULL, NULL, NULL, 1, 0, '2023-04-26 13:50:45', '2023-05-22 23:37:01', NULL),
(34, 'wibiatisekark@student.uns.ac.id', 'wibiatisekark', '$2y$10$aM0Km1DCNY27/znwiAG.7etKBdLoUkHyk.B5ce8AHStXTjbKaY43G', NULL, '2023-05-16 18:38:59', NULL, NULL, NULL, NULL, 1, 0, '2023-04-26 13:55:38', '2023-05-16 18:38:59', NULL),
(35, 'sugeng@gmail.com', 'Sugeng', '$2y$10$0ic5L2snTShU.Q63GUPuve9268cb3z8i5UEqTVJ2L1qcoN7EDjuK2', NULL, NULL, NULL, NULL, NULL, NULL, 1, 0, '2023-05-01 13:56:24', '2023-05-01 13:56:24', NULL),
(39, 'syauqi123@gmail.com', 'syauqi2003', '$2y$10$gVD6IChzSNJzOQfaJ2VorO3tw0c75YRfbSUEO3ZPTAWgXgKgfZypm', NULL, NULL, NULL, NULL, NULL, NULL, 1, 0, '2023-05-07 15:55:20', '2023-05-07 15:55:20', NULL),
(40, 'nazaruddin123@gmail.com', 'nazaruddin2002', '$2a$10$7KPxxOzni8bGlQFs.xBal.TTVK1/hmKr/H2tIuHVM2wglwc91/mAC', NULL, NULL, NULL, NULL, NULL, NULL, 1, 0, '2023-05-07 16:09:37', '2023-05-21 20:19:40', NULL),
(41, 'darmawan123@staff.uns.ac.id', 'darmawan123', '$2y$10$PxyP5IHJtnUz.ozM8ypldewEFIveEEqxnAnUrr5k48HXGyA3.JEcO', NULL, NULL, NULL, NULL, NULL, NULL, 1, 0, '2023-05-07 16:17:37', '2023-05-23 09:47:56', NULL),
(44, 'ahmatnurwakit@staff.uns.ac.id', 'ahmatnurwakit', '$2y$10$lq3aL4Z9UC/EtXIdtirP2uD7/qhDLY3e/kfgbPecYwbRuTzfJ2ns6', NULL, NULL, NULL, NULL, NULL, NULL, 1, 0, '2023-05-08 09:50:08', '2023-05-22 14:55:13', NULL),
(46, 'trisna123@gmail.com', 'trisna123', '$2y$10$0agaY4LTqCgLLqKFa.eN2O3GxRcdjhOBhxXmaTfLrgJJKJ4OyW2/6', NULL, NULL, NULL, NULL, NULL, NULL, 1, 0, '2023-05-08 18:23:17', '2023-05-08 18:23:17', NULL),
(47, 'yusuf123@gmail.com', 'yusuf123', '$2y$10$RR9pe169fSsz5MgvxSDJS.fd2BDClV8K/PTwM02nm9yvgyWwMctf2', NULL, NULL, NULL, NULL, NULL, NULL, 1, 0, '2023-05-08 18:24:39', '2023-05-21 06:10:13', NULL),
(48, 'nurazizul123@gmail.com', 'nurazizul123', '$2y$10$lq6MDAlp7RTT59Nqr7.DNusMDUmsng8o6ErnmFVO33fH4ur3mxUuS', NULL, NULL, NULL, NULL, NULL, NULL, 1, 0, '2023-05-08 18:26:05', '2023-05-08 18:26:05', NULL),
(58, 'ilham123@gmail.com', 'ilham123', '$2y$10$07yDRHnV/XjJRgv2vv1yMue2/KVMQ0GtK7Y1LTfPPJ096.ergyIm2', NULL, NULL, NULL, NULL, NULL, NULL, 1, 0, '2023-05-16 13:38:05', '2023-05-16 13:38:44', '2023-05-16 13:38:44'),
(59, 'ridhorifai88@student.uns.ac.id', 'ridho', '$2y$10$btHnyGG4IluEw5Yk3pe3ueCSaYYGW.Ot6zvhlOguNDILg.7cfmhHy', NULL, '2023-05-26 14:32:42', NULL, NULL, NULL, NULL, 1, 0, '2023-05-17 09:44:02', '2023-05-26 14:32:42', NULL),
(74, 'dina@gmail.com', 'dimas', '$2y$10$yzr9hnFDKPRECOtMARr2L./e28YcBL.hy04VgRAvhSYodeZRV4STq', NULL, NULL, NULL, NULL, NULL, NULL, 1, 0, '2023-05-17 20:34:11', '2023-05-18 22:54:52', '2023-05-18 22:54:52'),
(75, 'sarip@gmail.com', 'sarip', '$2y$10$NBECvHvS1xYVax9.TlRDmuoEIT.rogUb6Qnx8gQG1kY5PjBtFnrgC', NULL, NULL, NULL, NULL, NULL, NULL, 1, 0, '2023-05-17 23:12:07', '2023-05-17 23:12:07', NULL),
(88, 'ahmadyunus123@gmail.com', 'ahmadyunus123', '$2y$10$AG2XB4ORByDj4KM2OqNeyOmlZ.wvakltOTkkZwN9.iJbmmWadKD7m', NULL, NULL, NULL, NULL, NULL, NULL, 1, 0, '2023-05-18 09:02:52', '2023-05-21 06:09:23', NULL),
(89, 'yahyanur123@gmail.com', 'yahyanur123', '$2y$10$dyEALDGj8qwDJpOTiyHFguR/45cThsVYJSO6DkIlBSqfXgATK8lGO', NULL, NULL, NULL, NULL, NULL, NULL, 1, 0, '2023-05-18 11:02:36', '2023-05-21 06:17:15', NULL),
(92, 'subekti123@gmail.com', 'subekti123', '$2y$10$9Jj06JtYe57IsCZKLSKE.u/MQt4Ij1AhPO6WswndajU6GOIbvGDkS', NULL, NULL, NULL, NULL, NULL, NULL, 1, 0, '2023-05-18 11:29:16', '2023-05-18 11:29:16', NULL),
(93, 'rahmanyusuf123@gmail.com', 'rahmanyusuf123', '$2y$10$uo6lSmGCb/v39O8iSQVrF.Qk6r8rBLKcJV5X93sJZ2oV2E1blsLXy', NULL, NULL, NULL, NULL, NULL, NULL, 1, 0, '2023-05-18 15:48:40', '2023-05-18 15:48:40', NULL),
(96, 'ahmadizulfikar123@gmail.com', 'zulfikar', '$2y$10$6bQtgT7dHIg7spaWAOXEGugGaA.2zJ6G.AHuk69sUJLbyQWT6r0Ce', NULL, NULL, NULL, NULL, NULL, NULL, 1, 0, '2023-05-18 22:58:10', '2023-05-18 22:58:10', NULL),
(97, 'ivann@gmail.com', 'ivan', '$2y$10$7bDblFM4maAY3GCmqOvrw.o0VgtKmQ07HhVd/y9J5Ktp0sd3xWUV2', NULL, NULL, NULL, NULL, NULL, NULL, 1, 0, '2023-05-19 16:53:44', '2023-05-21 22:12:13', NULL),
(98, 'test@gmail.com', 'test', '$2y$10$7KlpX0QnqdmPr4pSEUuIpOI1.bxljNqKm/3pA5VzRlI7jjhRJoYtS', NULL, NULL, NULL, NULL, NULL, NULL, 1, 0, '2023-05-19 21:14:21', '2023-05-19 21:14:21', NULL),
(99, 'suksesjaya123@gmail.com', 'suksesjaya123', '$2y$10$usnMf8/lGVGvPYF8gbV2nuFzvS4z1KM5IlgN7XDnyOCgMRjFTMQdi', NULL, NULL, NULL, NULL, NULL, NULL, 1, 0, '2023-05-20 05:14:49', '2023-05-20 07:40:35', NULL),
(100, 'perpuskabmadiun@gmail.com', 'perpuskabmadiun', '$2y$10$8S9LX8nDxkaqLTjcEnoqz.ab0Nqgt3Bd5z8fNocd9bLij2mq.Bdcu', NULL, NULL, NULL, NULL, NULL, NULL, 1, 0, '2023-05-20 07:43:02', '2023-05-20 07:44:35', NULL),
(101, 'viorellasv@student.uns.ac.id', 'viorella', '$2y$10$dvrvufMScE.ePrDJaCux0e0KpqNA18Pz5ZRKilYjXotlNoYcK103e', NULL, '2023-05-20 14:04:55', NULL, NULL, NULL, NULL, 1, 0, '2023-05-20 13:58:01', '2023-05-20 14:04:55', NULL),
(108, 'disparpora@gmail.com', 'disparpora', '$2y$10$bcDrJU322SZwhP9hS/rUIORbcT2suW43aSRM5ywG6NGvuAARScv7a', NULL, NULL, NULL, NULL, NULL, NULL, 1, 0, '2023-05-22 15:27:45', '2023-05-22 15:27:45', NULL),
(109, 'tantrisetiani@student.uns.ac.id', 'tantrisetiani', '$2y$10$PCnvylu9oO8cMk89ZRGIKOuzAVl5iaT/J3sa.Rekxae4WKaITWax6', NULL, NULL, NULL, NULL, NULL, NULL, 1, 0, '2023-05-22 15:54:04', '2023-05-22 15:54:04', NULL),
(110, 'pilihjurusan@gmail.com', 'piljur', '$2y$10$IzAMBI1gVuWzyifP/XzafetJFZrlMXvp9be6EbO4mpMih0xEMQ9gC', NULL, NULL, NULL, NULL, NULL, NULL, 1, 0, '2023-05-22 18:28:46', '2023-05-22 18:28:46', NULL),
(113, 'pandudwisaputra@student.uns.ac.id', 'pandu', '$2y$10$AqbkW7dzi6Mez.Jd4iXGQuouLviADg9Rxa1xEWfBuaEE1k9GETEYe', NULL, NULL, NULL, NULL, NULL, NULL, 1, 0, '2023-05-29 16:14:27', '2023-05-29 16:14:27', NULL);

--
-- Indexes for dumped tables
--

--
-- Indexes for table `auth_activation_attempts`
--
ALTER TABLE `auth_activation_attempts`
  ADD PRIMARY KEY (`id`) USING BTREE;

--
-- Indexes for table `auth_groups`
--
ALTER TABLE `auth_groups`
  ADD PRIMARY KEY (`id`) USING BTREE;

--
-- Indexes for table `auth_groups_permissions`
--
ALTER TABLE `auth_groups_permissions`
  ADD KEY `auth_groups_permissions_permission_id_foreign` (`permission_id`) USING BTREE,
  ADD KEY `group_id_permission_id` (`group_id`,`permission_id`) USING BTREE;

--
-- Indexes for table `auth_groups_users`
--
ALTER TABLE `auth_groups_users`
  ADD KEY `auth_groups_users_user_id_foreign` (`user_id`) USING BTREE,
  ADD KEY `group_id_user_id` (`group_id`,`user_id`) USING BTREE;

--
-- Indexes for table `auth_logins`
--
ALTER TABLE `auth_logins`
  ADD PRIMARY KEY (`id`) USING BTREE,
  ADD KEY `email` (`email`) USING BTREE,
  ADD KEY `user_id` (`user_id`) USING BTREE;

--
-- Indexes for table `auth_permissions`
--
ALTER TABLE `auth_permissions`
  ADD PRIMARY KEY (`id`) USING BTREE;

--
-- Indexes for table `auth_reset_attempts`
--
ALTER TABLE `auth_reset_attempts`
  ADD PRIMARY KEY (`id`) USING BTREE;

--
-- Indexes for table `auth_tokens`
--
ALTER TABLE `auth_tokens`
  ADD PRIMARY KEY (`id`) USING BTREE,
  ADD KEY `auth_tokens_user_id_foreign` (`user_id`) USING BTREE,
  ADD KEY `selector` (`selector`) USING BTREE;

--
-- Indexes for table `auth_users_permissions`
--
ALTER TABLE `auth_users_permissions`
  ADD KEY `auth_users_permissions_permission_id_foreign` (`permission_id`) USING BTREE,
  ADD KEY `user_id_permission_id` (`user_id`,`permission_id`) USING BTREE;

--
-- Indexes for table `mahasiswa`
--
ALTER TABLE `mahasiswa`
  ADD PRIMARY KEY (`id_mhs`) USING BTREE,
  ADD KEY `id_user` (`id_user`);

--
-- Indexes for table `simta_bobot`
--
ALTER TABLE `simta_bobot`
  ADD PRIMARY KEY (`id_bobot`);

--
-- Indexes for table `simta_hasilakhir`
--
ALTER TABLE `simta_hasilakhir`
  ADD PRIMARY KEY (`id_hasilakhir`),
  ADD KEY `id_mhs` (`id_mhs`,`id_staf`);

--
-- Indexes for table `simta_pengajuanjudul`
--
ALTER TABLE `simta_pengajuanjudul`
  ADD PRIMARY KEY (`id_pengajuanjudul`),
  ADD KEY `id_mhs` (`id_mhs`),
  ADD KEY `id_staf` (`id_staf`);

--
-- Indexes for table `simta_penguji_ujianproposal`
--
ALTER TABLE `simta_penguji_ujianproposal`
  ADD PRIMARY KEY (`id_penguji_ujianproposal`),
  ADD KEY `id_staf` (`id_staf`,`id_ujianproposal`);

--
-- Indexes for table `simta_penguji_ujianta`
--
ALTER TABLE `simta_penguji_ujianta`
  ADD PRIMARY KEY (`id_penguji_ujianta`),
  ADD KEY `id_staf` (`id_staf`,`id_ujianta`);

--
-- Indexes for table `simta_rekomendasi`
--
ALTER TABLE `simta_rekomendasi`
  ADD PRIMARY KEY (`id_rekomendasi`),
  ADD KEY `id_staf` (`id_staf`),
  ADD KEY `id_pengajuanjudul` (`id_pengajuanjudul`);

--
-- Indexes for table `simta_seminarhasil`
--
ALTER TABLE `simta_seminarhasil`
  ADD PRIMARY KEY (`id_seminarhasil`),
  ADD KEY `id_mhs` (`id_mhs`,`id_staf`);

--
-- Indexes for table `simta_ujianproposal`
--
ALTER TABLE `simta_ujianproposal`
  ADD PRIMARY KEY (`id_ujianproposal`),
  ADD KEY `id_mhs` (`id_mhs`,`id_staf`);

--
-- Indexes for table `simta_ujianta`
--
ALTER TABLE `simta_ujianta`
  ADD PRIMARY KEY (`id_ujianta`),
  ADD KEY `id_mhs` (`id_mhs`,`id_staf`);

--
-- Indexes for table `staf`
--
ALTER TABLE `staf`
  ADD PRIMARY KEY (`id_staf`),
  ADD KEY `id_user` (`id_user`);

--
-- Indexes for table `users`
--
ALTER TABLE `users`
  ADD PRIMARY KEY (`id`) USING BTREE,
  ADD UNIQUE KEY `email` (`email`) USING BTREE,
  ADD UNIQUE KEY `username` (`username`) USING BTREE;

--
-- AUTO_INCREMENT for dumped tables
--

--
-- AUTO_INCREMENT for table `auth_activation_attempts`
--
ALTER TABLE `auth_activation_attempts`
  MODIFY `id` int(10) UNSIGNED NOT NULL AUTO_INCREMENT;

--
-- AUTO_INCREMENT for table `auth_groups`
--
ALTER TABLE `auth_groups`
  MODIFY `id` int(10) UNSIGNED NOT NULL AUTO_INCREMENT, AUTO_INCREMENT=24;

--
-- AUTO_INCREMENT for table `auth_logins`
--
ALTER TABLE `auth_logins`
  MODIFY `id` int(10) UNSIGNED NOT NULL AUTO_INCREMENT, AUTO_INCREMENT=3028;

--
-- AUTO_INCREMENT for table `auth_permissions`
--
ALTER TABLE `auth_permissions`
  MODIFY `id` int(10) UNSIGNED NOT NULL AUTO_INCREMENT, AUTO_INCREMENT=25;

--
-- AUTO_INCREMENT for table `auth_reset_attempts`
--
ALTER TABLE `auth_reset_attempts`
  MODIFY `id` int(10) UNSIGNED NOT NULL AUTO_INCREMENT, AUTO_INCREMENT=31;

--
-- AUTO_INCREMENT for table `auth_tokens`
--
ALTER TABLE `auth_tokens`
  MODIFY `id` int(10) UNSIGNED NOT NULL AUTO_INCREMENT;

--
-- AUTO_INCREMENT for table `users`
--
ALTER TABLE `users`
  MODIFY `id` int(10) UNSIGNED NOT NULL AUTO_INCREMENT, AUTO_INCREMENT=114;

--
-- Constraints for dumped tables
--

--
-- Constraints for table `auth_groups_permissions`
--
ALTER TABLE `auth_groups_permissions`
  ADD CONSTRAINT `auth_groups_permissions_group_id_foreign` FOREIGN KEY (`group_id`) REFERENCES `auth_groups` (`id`) ON DELETE CASCADE,
  ADD CONSTRAINT `auth_groups_permissions_permission_id_foreign` FOREIGN KEY (`permission_id`) REFERENCES `auth_permissions` (`id`) ON DELETE CASCADE;

--
-- Constraints for table `auth_groups_users`
--
ALTER TABLE `auth_groups_users`
  ADD CONSTRAINT `auth_groups_users_group_id_foreign` FOREIGN KEY (`group_id`) REFERENCES `auth_groups` (`id`) ON DELETE CASCADE,
  ADD CONSTRAINT `auth_groups_users_user_id_foreign` FOREIGN KEY (`user_id`) REFERENCES `users` (`id`) ON DELETE CASCADE;

--
-- Constraints for table `auth_tokens`
--
ALTER TABLE `auth_tokens`
  ADD CONSTRAINT `auth_tokens_user_id_foreign` FOREIGN KEY (`user_id`) REFERENCES `users` (`id`) ON DELETE CASCADE;

--
-- Constraints for table `auth_users_permissions`
--
ALTER TABLE `auth_users_permissions`
  ADD CONSTRAINT `auth_users_permissions_permission_id_foreign` FOREIGN KEY (`permission_id`) REFERENCES `auth_permissions` (`id`) ON DELETE CASCADE,
  ADD CONSTRAINT `auth_users_permissions_user_id_foreign` FOREIGN KEY (`user_id`) REFERENCES `users` (`id`) ON DELETE CASCADE;

--
-- Constraints for table `mahasiswa`
--
ALTER TABLE `mahasiswa`
  ADD CONSTRAINT `mahasiswa_ibfk_1` FOREIGN KEY (`id_user`) REFERENCES `users` (`id`) ON DELETE CASCADE ON UPDATE CASCADE;

--
-- Constraints for table `simta_pengajuanjudul`
--
ALTER TABLE `simta_pengajuanjudul`
  ADD CONSTRAINT `FK_simta_pengajuanjudul_mahasiswa` FOREIGN KEY (`id_mhs`) REFERENCES `mahasiswa` (`id_mhs`) ON DELETE CASCADE ON UPDATE CASCADE,
  ADD CONSTRAINT `FK_simta_pengajuanjudul_staf` FOREIGN KEY (`id_staf`) REFERENCES `staf` (`id_staf`) ON DELETE CASCADE ON UPDATE CASCADE;

--
-- Constraints for table `simta_rekomendasi`
--
ALTER TABLE `simta_rekomendasi`
  ADD CONSTRAINT `FK_simta_rekomendasi_simta_pengajuanjudul` FOREIGN KEY (`id_pengajuanjudul`) REFERENCES `simta_pengajuanjudul` (`id_pengajuanjudul`) ON DELETE CASCADE ON UPDATE CASCADE,
  ADD CONSTRAINT `FK_simta_rekomendasi_staf` FOREIGN KEY (`id_staf`) REFERENCES `staf` (`id_staf`) ON DELETE CASCADE ON UPDATE CASCADE;

--
-- Constraints for table `staf`
--
ALTER TABLE `staf`
  ADD CONSTRAINT `staf_ibfk_1` FOREIGN KEY (`id_user`) REFERENCES `users` (`id`) ON DELETE CASCADE ON UPDATE CASCADE;
COMMIT;

/*!40101 SET CHARACTER_SET_CLIENT=@OLD_CHARACTER_SET_CLIENT */;
/*!40101 SET CHARACTER_SET_RESULTS=@OLD_CHARACTER_SET_RESULTS */;
/*!40101 SET COLLATION_CONNECTION=@OLD_COLLATION_CONNECTION */;
